fig_id	file	plotter	sources	kwargs_hash	timestamp
schematic__leg_naming__v1	schematic__leg_naming__v1.png	plot_leg_convention		bf21a9e8fb	2026-06-15 18:31:19
schematic__leg_naming__v1	schematic__leg_naming__v1.pdf	plot_leg_convention		bf21a9e8fb	2026-06-15 18:31:20
schematic__leg_naming__v1	schematic__leg_naming__v1.png	plot_leg_convention		bf21a9e8fb	2026-06-15 18:33:07
schematic__leg_naming__v1	schematic__leg_naming__v1.pdf	plot_leg_convention		bf21a9e8fb	2026-06-15 18:33:07
schematic__leg_naming__v1	schematic__leg_naming__v1.png	plot_leg_convention		bf21a9e8fb	2026-06-15 18:39:35
schematic__leg_naming__v1	schematic__leg_naming__v1.pdf	plot_leg_convention		bf21a9e8fb	2026-06-15 18:39:36
schematic__leg_naming__v1	schematic__leg_naming__v1.png	plot_leg_convention		bf21a9e8fb	2026-06-15 18:40:29
schematic__leg_naming__v1	schematic__leg_naming__v1.pdf	plot_leg_convention		bf21a9e8fb	2026-06-15 18:40:30
schematic__leg_naming__v1	schematic__leg_naming__v1.pdf	plot_leg_convention		bf21a9e8fb	2026-06-15 18:41:44
schematic__leg_naming__v1	schematic__leg_naming__v1.pdf	plot_leg_convention		bf21a9e8fb	2026-06-15 18:42:03
schematic__leg_naming__v1	schematic__leg_naming__v1.pdf	plot_leg_convention		bf21a9e8fb	2026-06-15 18:42:12
schematic__leg_naming__v1	schematic__leg_naming__v1.pdf	plot_leg_convention		bf21a9e8fb	2026-06-15 18:42:25
schematic__leg_naming__v1	schematic__leg_naming__v1.pdf	plot_leg_convention		bf21a9e8fb	2026-06-15 18:42:50
schematic__leg_naming__v1	schematic__leg_naming__v1.pdf	plot_leg_convention		bf21a9e8fb	2026-06-15 18:43:05
schematic__leg_naming__v1	schematic__leg_naming__v1.pdf	plot_leg_convention		bf21a9e8fb	2026-06-15 18:43:41
schematic__leg_naming__v1	schematic__leg_naming__v1.pdf	plot_leg_convention		bf21a9e8fb	2026-06-15 18:43:48
schematic__leg_naming__v1	schematic__leg_naming__v1.pdf	plot_leg_convention		bf21a9e8fb	2026-06-15 18:44:10
schematic__leg_naming__v1	schematic__leg_naming__v1.pdf	plot_leg_convention		bf21a9e8fb	2026-06-15 18:44:18
schematic__leg_naming__v1	schematic__leg_naming__v1.pdf	plot_leg_convention		bf21a9e8fb	2026-06-15 18:44:28
schematic__leg_naming__v1	schematic__leg_naming__v1.pdf	plot_leg_convention		bf21a9e8fb	2026-06-15 18:44:41
schematic__leg_naming__v1	schematic__leg_naming__v1.pdf	plot_leg_convention		bf21a9e8fb	2026-06-15 18:47:45
schematic__leg_naming__v1	schematic__leg_naming__v1.pdf	plot_leg_convention		bf21a9e8fb	2026-06-15 18:48:00
schematic__leg_naming__v1	schematic__leg_naming__v1.pdf	plot_leg_convention		bf21a9e8fb	2026-06-15 18:48:09
schematic__leg_naming__v1	schematic__leg_naming__v1.pdf	plot_leg_convention		bf21a9e8fb	2026-06-15 18:48:15
schematic__leg_naming__v1	schematic__leg_naming__v1.pdf	plot_leg_convention		bf21a9e8fb	2026-06-15 18:48:36
schematic__leg_naming__v1	schematic__leg_naming__v1.pdf	plot_leg_convention		bf21a9e8fb	2026-06-15 18:48:45
schematic__leg_naming__v1	schematic__leg_naming__v1.pdf	plot_leg_convention		bf21a9e8fb	2026-06-15 18:48:51
schematic__leg_naming__v1	schematic__leg_naming__v1.pdf	plot_leg_convention		bf21a9e8fb	2026-06-15 18:48:57
schematic__leg_naming__v1	schematic__leg_naming__v1.pdf	plot_leg_convention		bf21a9e8fb	2026-06-15 18:49:03
schematic__leg_naming__v1	schematic__leg_naming__v1.pdf	plot_leg_convention		bf21a9e8fb	2026-06-15 18:49:13
schematic__leg_naming__v1	schematic__leg_naming__v1.pdf	plot_leg_convention		bf21a9e8fb	2026-06-15 18:49:24
schematic__leg_naming__v1	schematic__leg_naming__v1.pdf	plot_leg_convention		bf21a9e8fb	2026-06-15 18:49:33
schematic__leg_naming__v1	schematic__leg_naming__v1.pdf	plot_leg_convention		bf21a9e8fb	2026-06-15 18:49:41
schematic__leg_naming__v1	schematic__leg_naming__v1.pdf	plot_leg_convention		bf21a9e8fb	2026-06-15 18:49:55
schematic__project_overview__v1	schematic__project_overview__v1.png	plot_project_overview		bf21a9e8fb	2026-06-18 19:25:14
schematic__project_overview__v1	schematic__project_overview__v1.png	plot_project_overview		bf21a9e8fb	2026-06-18 19:31:56
schematic__project_overview__v1	schematic__project_overview__v1.png	plot_project_overview		bf21a9e8fb	2026-06-18 19:36:11
schematic__project_overview__v1	schematic__project_overview__v1.png	plot_project_overview		bf21a9e8fb	2026-06-18 19:37:55
schematic__project_overview__v1	schematic__project_overview__v1.png	plot_project_overview		bf21a9e8fb	2026-06-18 19:38:46
schematic__project_overview__v1	schematic__project_overview__v1.pdf	plot_project_overview		bf21a9e8fb	2026-06-18 19:39:04
schematic__robot_model__front	schematic__robot_model__front.png	render_model.render_view	senecabot_loco.xml	004b5dc43d	2026-06-18 22:25:00
schematic__robot_model__side	schematic__robot_model__side.png	render_model.render_view	senecabot_loco.xml	21739b8bfb	2026-06-18 22:25:00
schematic__robot_model__diagonal	schematic__robot_model__diagonal.png	render_model.render_view	senecabot_loco.xml	92e2cabdf7	2026-06-18 22:25:00
error__validation_distances__grid	error__validation_distances__grid.pdf	plot_validation_distance_grid		bf21a9e8fb	2026-06-20 15:59:45
training__policy_entropy__v1	training__policy_entropy__v1.pdf	plot_entropy_curve		bf21a9e8fb	2026-06-20 15:59:45
error__validation_distances__grid	error__validation_distances__grid.png	plot_validation_distance_grid		bf21a9e8fb	2026-06-20 15:59:47
training__policy_entropy__v1	training__policy_entropy__v1.png	plot_entropy_curve		bf21a9e8fb	2026-06-20 15:59:47
error__validation_distances__grid	error__validation_distances__grid.pdf	plot_validation_distance_grid		bf21a9e8fb	2026-06-20 16:09:25
error__validation_distances__grid	error__validation_distances__grid.png	plot_validation_distance_grid		bf21a9e8fb	2026-06-20 16:09:27
error__validation_distances__grid	error__validation_distances__grid.pdf	plot_validation_distance_grid		bf21a9e8fb	2026-06-20 16:13:40
error__validation_distances__grid	error__validation_distances__grid.png	plot_validation_distance_grid		bf21a9e8fb	2026-06-20 16:13:42
error__validation_distances__grid	error__validation_distances__grid.pdf	plot_validation_distance_grid		bf21a9e8fb	2026-06-20 16:16:18
error__validation_distances__grid	error__validation_distances__grid.png	plot_validation_distance_grid		bf21a9e8fb	2026-06-20 16:16:19
training__episode_return_length__v1	training__episode_return_length__v1.pdf	plot_episode_return_length		bf21a9e8fb	2026-06-20 16:41:49
training__metric_for_sweep__v1	training__metric_for_sweep__v1.pdf	plot_metric_for_sweep		bf21a9e8fb	2026-06-20 16:41:49
training__episode_return_length__v1	training__episode_return_length__v1.png	plot_episode_return_length		bf21a9e8fb	2026-06-20 16:41:50
training__metric_for_sweep__v1	training__metric_for_sweep__v1.png	plot_metric_for_sweep		bf21a9e8fb	2026-06-20 16:41:50
training__episode_return__v1	training__episode_return__v1.pdf	plot_wandb_metric_curve		da70bab471	2026-06-20 16:45:30
training__episode_length__v1	training__episode_length__v1.pdf	plot_wandb_metric_curve		18092864c3	2026-06-20 16:45:30
training__episode_return__v1	training__episode_return__v1.png	plot_wandb_metric_curve		da70bab471	2026-06-20 16:45:31
training__episode_length__v1	training__episode_length__v1.png	plot_wandb_metric_curve		18092864c3	2026-06-20 16:45:31
training__policy_entropy__v1	training__policy_entropy__v1.pdf	plot_entropy_curve		bf21a9e8fb	2026-06-20 18:44:42
training__episode_return__v1	training__episode_return__v1.pdf	plot_wandb_metric_curve		da70bab471	2026-06-20 18:44:42
training__episode_length__v1	training__episode_length__v1.pdf	plot_wandb_metric_curve		18092864c3	2026-06-20 18:44:42
training__metric_for_sweep__v1	training__metric_for_sweep__v1.pdf	plot_metric_for_sweep		bf21a9e8fb	2026-06-20 18:44:42
