joint,model,mass,peak,nominal,speed,feasible,binding,req_peak,req_nominal,req_speed
fr_hip,X4-36 36:1,0.36,34.0,10.5,111.0,True,peak torque,26.510060687254093,6.777349842056146,69.7774429321289
fr_knee,"X6-60 19,612:1",0.82,60.0,20.0,176.0,True,speed,54.87562236733912,11.745634093140628,162.8634490966797
fr_ankle,X8-32 9:1,0.55,32.0,8.0,277.0,True,speed,20.42299218565994,4.2579373458796805,181.51931762695312
fl_hip,X4-36 36:1,0.36,34.0,10.5,111.0,True,peak torque,26.510060687254093,6.777349842056146,69.7774429321289
fl_knee,"X6-60 19,612:1",0.82,60.0,20.0,176.0,True,speed,54.87562236733912,11.745634093140628,162.8634490966797
fl_ankle,X8-32 9:1,0.55,32.0,8.0,277.0,True,speed,20.42299218565994,4.2579373458796805,181.51931762695312
br_hip,X4-36 36:1,0.36,34.0,10.5,111.0,True,peak torque,16.998932938015013,5.178243595841122,31.76637077331543
br_knee,X4-36 36:1,0.36,34.0,10.5,111.0,True,RMS torque,26.856204133806084,9.463777883912934,68.28629302978516
br_ankle,X8-32 9:1,0.55,32.0,8.0,277.0,True,RMS torque,18.755588670175026,6.053774490519681,192.9072723388672
bl_hip,X4-36 36:1,0.36,34.0,10.5,111.0,True,peak torque,16.998932938015013,5.178243595841122,31.76637077331543
bl_knee,X4-36 36:1,0.36,34.0,10.5,111.0,True,RMS torque,26.856204133806084,9.463777883912934,68.28629302978516
bl_ankle,X8-32 9:1,0.55,32.0,8.0,277.0,True,RMS torque,18.755588670175026,6.053774490519681,192.9072723388672
