"Step","faithful-sunset-317 - Validation Measures/discrete_frechet_distance/site_rpos","faithful-sunset-317 - Validation Measures/discrete_frechet_distance/site_rpos__MIN","faithful-sunset-317 - Validation Measures/discrete_frechet_distance/site_rpos__MAX"
"12697600","0.25909242033958435","0.25909242033958435","0.25909242033958435"
"24985600","0.19034844636917114","0.19034844636917114","0.19034844636917114"
"37273600","0.15382160246372223","0.15382160246372223","0.15382160246372223"
"49561600","0.13737598061561584","0.13737598061561584","0.13737598061561584"
"61849600","0.1278553605079651","0.1278553605079651","0.1278553605079651"
"74137600","0.12104465812444687","0.12104465812444687","0.12104465812444687"
"86425600","0.11892786622047424","0.11892786622047424","0.11892786622047424"
"98713600","0.1136985570192337","0.1136985570192337","0.1136985570192337"
"111001600","0.11196643114089966","0.11196643114089966","0.11196643114089966"
"123289600","0.11295890063047409","0.11295890063047409","0.11295890063047409"
"135577600","0.10959450155496597","0.10959450155496597","0.10959450155496597"
"147865600","0.11058108508586884","0.11058108508586884","0.11058108508586884"
"160153600","0.10623855888843536","0.10623855888843536","0.10623855888843536"
"172441600","0.10333413630723953","0.10333413630723953","0.10333413630723953"
"184729600","0.10319488495588303","0.10319488495588303","0.10319488495588303"
"197017600","0.1018795520067215","0.1018795520067215","0.1018795520067215"
"209305600","0.1021442711353302","0.1021442711353302","0.1021442711353302"
"221593600","0.10331631451845169","0.10331631451845169","0.10331631451845169"
"233881600","0.10291244089603424","0.10291244089603424","0.10291244089603424"
"246169600","0.0998256579041481","0.0998256579041481","0.0998256579041481"
"258457600","0.10417857766151428","0.10417857766151428","0.10417857766151428"
"270745600","0.1033233180642128","0.1033233180642128","0.1033233180642128"
"283033600","0.10237797349691391","0.10237797349691391","0.10237797349691391"
"295321600","0.10142256319522858","0.10142256319522858","0.10142256319522858"