"Step","faithful-sunset-317 - Validation Measures/discrete_frechet_distance/site_rrotvec","faithful-sunset-317 - Validation Measures/discrete_frechet_distance/site_rrotvec__MIN","faithful-sunset-317 - Validation Measures/discrete_frechet_distance/site_rrotvec__MAX"
"12697600","0.5596392154693604","0.5596392154693604","0.5596392154693604"
"24985600","0.33259350061416626","0.33259350061416626","0.33259350061416626"
"37273600","0.2653278410434723","0.2653278410434723","0.2653278410434723"
"49561600","0.22192446887493134","0.22192446887493134","0.22192446887493134"
"61849600","0.20519769191741943","0.20519769191741943","0.20519769191741943"
"74137600","0.19159382581710815","0.19159382581710815","0.19159382581710815"
"86425600","0.18404488265514374","0.18404488265514374","0.18404488265514374"
"98713600","0.17985758185386658","0.17985758185386658","0.17985758185386658"
"111001600","0.18749438226222992","0.18749438226222992","0.18749438226222992"
"123289600","0.18782468140125275","0.18782468140125275","0.18782468140125275"
"135577600","0.19315822422504425","0.19315822422504425","0.19315822422504425"
"147865600","0.20216214656829834","0.20216214656829834","0.20216214656829834"
"160153600","0.19983874261379242","0.19983874261379242","0.19983874261379242"
"172441600","0.1947595477104187","0.1947595477104187","0.1947595477104187"
"184729600","0.19384704530239105","0.19384704530239105","0.19384704530239105"
"197017600","0.18824870884418488","0.18824870884418488","0.18824870884418488"
"209305600","0.19032274186611176","0.19032274186611176","0.19032274186611176"
"221593600","0.1949673593044281","0.1949673593044281","0.1949673593044281"
"233881600","0.19407984614372253","0.19407984614372253","0.19407984614372253"
"246169600","0.19661323726177216","0.19661323726177216","0.19661323726177216"
"258457600","0.19813169538974762","0.19813169538974762","0.19813169538974762"
"270745600","0.20061175525188446","0.20061175525188446","0.20061175525188446"
"283033600","0.20117688179016113","0.20117688179016113","0.20117688179016113"
"295321600","0.20512239634990692","0.20512239634990692","0.20512239634990692"