"Step","faithful-sunset-317 - Validation Measures/discrete_frechet_distance/qpos","faithful-sunset-317 - Validation Measures/discrete_frechet_distance/qpos__MIN","faithful-sunset-317 - Validation Measures/discrete_frechet_distance/qpos__MAX"
"12697600","2.6279356479644775","2.6279356479644775","2.6279356479644775"
"24985600","2.5490152835845947","2.5490152835845947","2.5490152835845947"
"37273600","2.7488651275634766","2.7488651275634766","2.7488651275634766"
"49561600","2.387533187866211","2.387533187866211","2.387533187866211"
"61849600","2.0355567932128906","2.0355567932128906","2.0355567932128906"
"74137600","2.4941108226776123","2.4941108226776123","2.4941108226776123"
"86425600","2.50907826423645","2.50907826423645","2.50907826423645"
"98713600","2.6145689487457275","2.6145689487457275","2.6145689487457275"
"111001600","2.4710302352905273","2.4710302352905273","2.4710302352905273"
"123289600","2.5781071186065674","2.5781071186065674","2.5781071186065674"
"135577600","2.483807325363159","2.483807325363159","2.483807325363159"
"147865600","2.6228160858154297","2.6228160858154297","2.6228160858154297"
"160153600","2.3870725631713867","2.3870725631713867","2.3870725631713867"
"172441600","2.6234939098358154","2.6234939098358154","2.6234939098358154"
"184729600","2.4584972858428955","2.4584972858428955","2.4584972858428955"
"197017600","2.547543525695801","2.547543525695801","2.547543525695801"
"209305600","2.405036211013794","2.405036211013794","2.405036211013794"
"221593600","2.40053129196167","2.40053129196167","2.40053129196167"
"233881600","2.6014835834503174","2.6014835834503174","2.6014835834503174"
"246169600","2.4861960411071777","2.4861960411071777","2.4861960411071777"
"258457600","2.4050164222717285","2.4050164222717285","2.4050164222717285"
"270745600","2.748701810836792","2.748701810836792","2.748701810836792"
"283033600","2.622678518295288","2.622678518295288","2.622678518295288"
"295321600","2.8904552459716797","2.8904552459716797","2.8904552459716797"