"Step","faithful-sunset-317 - Validation Measures/discrete_frechet_distance/site_rvel","faithful-sunset-317 - Validation Measures/discrete_frechet_distance/site_rvel__MIN","faithful-sunset-317 - Validation Measures/discrete_frechet_distance/site_rvel__MAX"
"12697600","27.151765823364258","27.151765823364258","27.151765823364258"
"24985600","22.935232162475586","22.935232162475586","22.935232162475586"
"37273600","17.72966194152832","17.72966194152832","17.72966194152832"
"49561600","13.959626197814941","13.959626197814941","13.959626197814941"
"61849600","11.97790241241455","11.97790241241455","11.97790241241455"
"74137600","10.365206718444824","10.365206718444824","10.365206718444824"
"86425600","9.584299087524414","9.584299087524414","9.584299087524414"
"98713600","9.48758602142334","9.48758602142334","9.48758602142334"
"111001600","9.394085884094238","9.394085884094238","9.394085884094238"
"123289600","9.736756324768066","9.736756324768066","9.736756324768066"
"135577600","9.188603401184082","9.188603401184082","9.188603401184082"
"147865600","9.391139030456543","9.391139030456543","9.391139030456543"
"160153600","8.621044158935547","8.621044158935547","8.621044158935547"
"172441600","8.158647537231445","8.158647537231445","8.158647537231445"
"184729600","8.286508560180664","8.286508560180664","8.286508560180664"
"197017600","8.259204864501953","8.259204864501953","8.259204864501953"
"209305600","8.330820083618164","8.330820083618164","8.330820083618164"
"221593600","8.390106201171875","8.390106201171875","8.390106201171875"
"233881600","8.256546020507812","8.256546020507812","8.256546020507812"
"246169600","8.12174129486084","8.12174129486084","8.12174129486084"
"258457600","8.647515296936035","8.647515296936035","8.647515296936035"
"270745600","8.25094223022461","8.25094223022461","8.25094223022461"
"283033600","8.483895301818848","8.483895301818848","8.483895301818848"
"295321600","8.279814720153809","8.279814720153809","8.279814720153809"