"Step","faithful-sunset-317 - Validation Measures/discrete_frechet_distance/qvel","faithful-sunset-317 - Validation Measures/discrete_frechet_distance/qvel__MIN","faithful-sunset-317 - Validation Measures/discrete_frechet_distance/qvel__MAX"
"12697600","12.947669982910156","12.947669982910156","12.947669982910156"
"24985600","10.563248634338379","10.563248634338379","10.563248634338379"
"37273600","8.69597339630127","8.69597339630127","8.69597339630127"
"49561600","7.166366100311279","7.166366100311279","7.166366100311279"
"61849600","6.331107139587402","6.331107139587402","6.331107139587402"
"74137600","5.7333149909973145","5.7333149909973145","5.7333149909973145"
"86425600","5.395338535308838","5.395338535308838","5.395338535308838"
"98713600","5.204599857330322","5.204599857330322","5.204599857330322"
"111001600","5.056020736694336","5.056020736694336","5.056020736694336"
"123289600","5.034258842468262","5.034258842468262","5.034258842468262"
"135577600","4.886208534240723","4.886208534240723","4.886208534240723"
"147865600","4.9501447677612305","4.9501447677612305","4.9501447677612305"
"160153600","4.755397319793701","4.755397319793701","4.755397319793701"
"172441600","4.631685733795166","4.631685733795166","4.631685733795166"
"184729600","4.630259990692139","4.630259990692139","4.630259990692139"
"197017600","4.652604103088379","4.652604103088379","4.652604103088379"
"209305600","4.6647047996521","4.6647047996521","4.6647047996521"
"221593600","4.606545925140381","4.606545925140381","4.606545925140381"
"233881600","4.614397048950195","4.614397048950195","4.614397048950195"
"246169600","4.545300483703613","4.545300483703613","4.545300483703613"
"258457600","4.6734161376953125","4.6734161376953125","4.6734161376953125"
"270745600","4.610169887542725","4.610169887542725","4.610169887542725"
"283033600","4.586026191711426","4.586026191711426","4.586026191711426"
"295321600","4.540481090545654","4.540481090545654","4.540481090545654"