"Step","faithful-sunset-317 - Validation Measures/dynamic_time_warping/site_rvel","faithful-sunset-317 - Validation Measures/dynamic_time_warping/site_rvel__MIN","faithful-sunset-317 - Validation Measures/dynamic_time_warping/site_rvel__MAX"
"12697600","907.8206176757812","907.8206176757812","907.8206176757812"
"24985600","727.8136596679688","727.8136596679688","727.8136596679688"
"37273600","553.3773193359375","553.3773193359375","553.3773193359375"
"49561600","440.2682800292969","440.2682800292969","440.2682800292969"
"61849600","361.7494812011719","361.7494812011719","361.7494812011719"
"74137600","308.3754577636719","308.3754577636719","308.3754577636719"
"86425600","272.9616394042969","272.9616394042969","272.9616394042969"
"98713600","253.13217163085938","253.13217163085938","253.13217163085938"
"111001600","239.40008544921875","239.40008544921875","239.40008544921875"
"123289600","233.00787353515625","233.00787353515625","233.00787353515625"
"135577600","221.27005004882812","221.27005004882812","221.27005004882812"
"147865600","221.94700622558594","221.94700622558594","221.94700622558594"
"160153600","212.54066467285156","212.54066467285156","212.54066467285156"
"172441600","200.62176513671875","200.62176513671875","200.62176513671875"
"184729600","199.02537536621094","199.02537536621094","199.02537536621094"
"197017600","199.80751037597656","199.80751037597656","199.80751037597656"
"209305600","202.00050354003906","202.00050354003906","202.00050354003906"
"221593600","200.09263610839844","200.09263610839844","200.09263610839844"
"233881600","196.2540283203125","196.2540283203125","196.2540283203125"
"246169600","194.14955139160156","194.14955139160156","194.14955139160156"
"258457600","201.0194091796875","201.0194091796875","201.0194091796875"
"270745600","198.78443908691406","198.78443908691406","198.78443908691406"
"283033600","197.27618408203125","197.27618408203125","197.27618408203125"
"295321600","192.07691955566406","192.07691955566406","192.07691955566406"