"Step","faithful-sunset-317 - Validation Measures/dynamic_time_warping/qvel","faithful-sunset-317 - Validation Measures/dynamic_time_warping/qvel__MIN","faithful-sunset-317 - Validation Measures/dynamic_time_warping/qvel__MAX"
"12697600","372.5194091796875","372.5194091796875","372.5194091796875"
"24985600","308.0143127441406","308.0143127441406","308.0143127441406"
"37273600","249.03494262695312","249.03494262695312","249.03494262695312"
"49561600","208.5102081298828","208.5102081298828","208.5102081298828"
"61849600","180.3515625","180.3515625","180.3515625"
"74137600","158.78550720214844","158.78550720214844","158.78550720214844"
"86425600","143.53033447265625","143.53033447265625","143.53033447265625"
"98713600","133.96360778808594","133.96360778808594","133.96360778808594"
"111001600","126.19559478759766","126.19559478759766","126.19559478759766"
"123289600","122.68622589111328","122.68622589111328","122.68622589111328"
"135577600","117.34447479248047","117.34447479248047","117.34447479248047"
"147865600","116.25617980957031","116.25617980957031","116.25617980957031"
"160153600","113.1257553100586","113.1257553100586","113.1257553100586"
"172441600","108.20877838134766","108.20877838134766","108.20877838134766"
"184729600","106.84068298339844","106.84068298339844","106.84068298339844"
"197017600","106.49200439453125","106.49200439453125","106.49200439453125"
"209305600","105.788330078125","105.788330078125","105.788330078125"
"221593600","104.40618133544922","104.40618133544922","104.40618133544922"
"233881600","104.03572082519531","104.03572082519531","104.03572082519531"
"246169600","102.18963623046875","102.18963623046875","102.18963623046875"
"258457600","103.96492767333984","103.96492767333984","103.96492767333984"
"270745600","104.29375457763672","104.29375457763672","104.29375457763672"
"283033600","102.039794921875","102.039794921875","102.039794921875"
"295321600","101.4244613647461","101.4244613647461","101.4244613647461"