"Step","faithful-sunset-317 - Validation Measures/dynamic_time_warping/site_rpos","faithful-sunset-317 - Validation Measures/dynamic_time_warping/site_rpos__MIN","faithful-sunset-317 - Validation Measures/dynamic_time_warping/site_rpos__MAX"
"12697600","11.02446460723877","11.02446460723877","11.02446460723877"
"24985600","7.76318359375","7.76318359375","7.76318359375"
"37273600","5.988090991973877","5.988090991973877","5.988090991973877"
"49561600","5.243435382843018","5.243435382843018","5.243435382843018"
"61849600","4.761876583099365","4.761876583099365","4.761876583099365"
"74137600","4.404292106628418","4.404292106628418","4.404292106628418"
"86425600","4.243910312652588","4.243910312652588","4.243910312652588"
"98713600","4.146728515625","4.146728515625","4.146728515625"
"111001600","3.968815565109253","3.968815565109253","3.968815565109253"
"123289600","3.986093759536743","3.986093759536743","3.986093759536743"
"135577600","3.86969256401062","3.86969256401062","3.86969256401062"
"147865600","3.8834261894226074","3.8834261894226074","3.8834261894226074"
"160153600","3.776085615158081","3.776085615158081","3.776085615158081"
"172441600","3.635112762451172","3.635112762451172","3.635112762451172"
"184729600","3.6176559925079346","3.6176559925079346","3.6176559925079346"
"197017600","3.6180694103240967","3.6180694103240967","3.6180694103240967"
"209305600","3.680284023284912","3.680284023284912","3.680284023284912"
"221593600","3.6492724418640137","3.6492724418640137","3.6492724418640137"
"233881600","3.617238759994507","3.617238759994507","3.617238759994507"
"246169600","3.541949987411499","3.541949987411499","3.541949987411499"
"258457600","3.6965415477752686","3.6965415477752686","3.6965415477752686"
"270745600","3.655914783477783","3.655914783477783","3.655914783477783"
"283033600","3.6503007411956787","3.6503007411956787","3.6503007411956787"
"295321600","3.5907552242279053","3.5907552242279053","3.5907552242279053"