"Step","faithful-sunset-317 - Validation Measures/dynamic_time_warping/site_rrotvec","faithful-sunset-317 - Validation Measures/dynamic_time_warping/site_rrotvec__MIN","faithful-sunset-317 - Validation Measures/dynamic_time_warping/site_rrotvec__MAX"
"12697600","13.415657997131348","13.415657997131348","13.415657997131348"
"24985600","8.570270538330078","8.570270538330078","8.570270538330078"
"37273600","6.5194573402404785","6.5194573402404785","6.5194573402404785"
"49561600","5.394702434539795","5.394702434539795","5.394702434539795"
"61849600","4.928196907043457","4.928196907043457","4.928196907043457"
"74137600","4.525485038757324","4.525485038757324","4.525485038757324"
"86425600","4.342021465301514","4.342021465301514","4.342021465301514"
"98713600","4.314213752746582","4.314213752746582","4.314213752746582"
"111001600","4.402486324310303","4.402486324310303","4.402486324310303"
"123289600","4.479649543762207","4.479649543762207","4.479649543762207"
"135577600","4.670685768127441","4.670685768127441","4.670685768127441"
"147865600","4.683676719665527","4.683676719665527","4.683676719665527"
"160153600","4.678054332733154","4.678054332733154","4.678054332733154"
"172441600","4.582152843475342","4.582152843475342","4.582152843475342"
"184729600","4.563699722290039","4.563699722290039","4.563699722290039"
"197017600","4.58735990524292","4.58735990524292","4.58735990524292"
"209305600","4.663507461547852","4.663507461547852","4.663507461547852"
"221593600","4.727778911590576","4.727778911590576","4.727778911590576"
"233881600","4.7623610496521","4.7623610496521","4.7623610496521"
"246169600","4.706081867218018","4.706081867218018","4.706081867218018"
"258457600","4.905824184417725","4.905824184417725","4.905824184417725"
"270745600","4.977146148681641","4.977146148681641","4.977146148681641"
"283033600","4.931451320648193","4.931451320648193","4.931451320648193"
"295321600","4.963661193847656","4.963661193847656","4.963661193847656"