"Step","faithful-sunset-317 - Validation Measures/dynamic_time_warping/qpos","faithful-sunset-317 - Validation Measures/dynamic_time_warping/qpos__MIN","faithful-sunset-317 - Validation Measures/dynamic_time_warping/qpos__MAX"
"12697600","239.5592041015625","239.5592041015625","239.5592041015625"
"24985600","241.52047729492188","241.52047729492188","241.52047729492188"
"37273600","263.81146240234375","263.81146240234375","263.81146240234375"
"49561600","226.88279724121094","226.88279724121094","226.88279724121094"
"61849600","193.52706909179688","193.52706909179688","193.52706909179688"
"74137600","238.52867126464844","238.52867126464844","238.52867126464844"
"86425600","242.359130859375","242.359130859375","242.359130859375"
"98713600","251.0114288330078","251.0114288330078","251.0114288330078"
"111001600","236.45542907714844","236.45542907714844","236.45542907714844"
"123289600","246.10855102539062","246.10855102539062","246.10855102539062"
"135577600","237.91659545898438","237.91659545898438","237.91659545898438"
"147865600","252.82708740234375","252.82708740234375","252.82708740234375"
"160153600","229.72677612304688","229.72677612304688","229.72677612304688"
"172441600","248.40850830078125","248.40850830078125","248.40850830078125"
"184729600","228.22225952148438","228.22225952148438","228.22225952148438"
"197017600","245.16934204101562","245.16934204101562","245.16934204101562"
"209305600","232.40505981445312","232.40505981445312","232.40505981445312"
"221593600","227.79983520507812","227.79983520507812","227.79983520507812"
"233881600","251.39752197265625","251.39752197265625","251.39752197265625"
"246169600","239.56788635253906","239.56788635253906","239.56788635253906"
"258457600","231.79296875","231.79296875","231.79296875"
"270745600","266.2101135253906","266.2101135253906","266.2101135253906"
"283033600","251.46652221679688","251.46652221679688","251.46652221679688"
"295321600","279.0761413574219","279.0761413574219","279.0761413574219"