"Step","faithful-sunset-317 - Train/Entropy","faithful-sunset-317 - Train/Entropy__MIN","faithful-sunset-317 - Train/Entropy__MAX"
"819200","2.5352132320404053","2.5352132320404053","2.5352132320404053"
"1228800","2.4354939460754395","2.4354939460754395","2.4354939460754395"
"1638400","2.329434871673584","2.329434871673584","2.329434871673584"
"2048000","2.22951340675354","2.22951340675354","2.22951340675354"
"2457600","2.1340184211730957","2.1340184211730957","2.1340184211730957"
"2867200","2.0414576530456543","2.0414576530456543","2.0414576530456543"
"3276800","1.95371675491333","1.95371675491333","1.95371675491333"
"3686400","1.8701839447021484","1.8701839447021484","1.8701839447021484"
"4096000","1.790555477142334","1.790555477142334","1.790555477142334"
"4505600","1.7110633850097656","1.7110633850097656","1.7110633850097656"
"4915200","1.6303554773330688","1.6303554773330688","1.6303554773330688"
"5324800","1.5482666492462158","1.5482666492462158","1.5482666492462158"
"5734400","1.462144136428833","1.462144136428833","1.462144136428833"
"6144000","1.3724350929260254","1.3724350929260254","1.3724350929260254"
"6553600","1.2794996500015259","1.2794996500015259","1.2794996500015259"
"6963200","1.181705355644226","1.181705355644226","1.181705355644226"
"7372800","1.079073190689087","1.079073190689087","1.079073190689087"
"7782400","0.970789909362793","0.970789909362793","0.970789909362793"
"8192000","0.8581501841545105","0.8581501841545105","0.8581501841545105"
"8601600","0.7458401918411255","0.7458401918411255","0.7458401918411255"
"9011200","0.6362485885620117","0.6362485885620117","0.6362485885620117"
"9420800","0.5205516815185547","0.5205516815185547","0.5205516815185547"
"9830400","0.4046131372451782","0.4046131372451782","0.4046131372451782"
"10240000","0.28948110342025757","0.28948110342025757","0.28948110342025757"
"10649600","0.17005182802677155","0.17005182802677155","0.17005182802677155"
"11059200","0.0496329665184021","0.0496329665184021","0.0496329665184021"
"11468800","-0.06303508579730988","-0.06303508579730988","-0.06303508579730988"
"11878400","-0.17190106213092804","-0.17190106213092804","-0.17190106213092804"
"12288000","-0.28450411558151245","-0.28450411558151245","-0.28450411558151245"
"12697600","-0.39950525760650635","-0.39950525760650635","-0.39950525760650635"
"13107200","-0.512009859085083","-0.512009859085083","-0.512009859085083"
"13516800","-0.6250064969062805","-0.6250064969062805","-0.6250064969062805"
"13926400","-0.7394458055496216","-0.7394458055496216","-0.7394458055496216"
"14336000","-0.8583121299743652","-0.8583121299743652","-0.8583121299743652"
"14745600","-0.9699642658233643","-0.9699642658233643","-0.9699642658233643"
"15155200","-1.0803296566009521","-1.0803296566009521","-1.0803296566009521"
"15564800","-1.1994264125823975","-1.1994264125823975","-1.1994264125823975"
"15974400","-1.3179901838302612","-1.3179901838302612","-1.3179901838302612"
"16384000","-1.4328086376190186","-1.4328086376190186","-1.4328086376190186"
"16793600","-1.5475229024887085","-1.5475229024887085","-1.5475229024887085"
"17203200","-1.6641817092895508","-1.6641817092895508","-1.6641817092895508"
"17612800","-1.7810204029083252","-1.7810204029083252","-1.7810204029083252"
"18022400","-1.8947112560272217","-1.8947112560272217","-1.8947112560272217"
"18432000","-2.0119497776031494","-2.0119497776031494","-2.0119497776031494"
"18841600","-2.1309192180633545","-2.1309192180633545","-2.1309192180633545"
"19251200","-2.2506814002990723","-2.2506814002990723","-2.2506814002990723"
"19660800","-2.3722023963928223","-2.3722023963928223","-2.3722023963928223"
"20070400","-2.4918904304504395","-2.4918904304504395","-2.4918904304504395"
"20480000","-2.6116738319396973","-2.6116738319396973","-2.6116738319396973"
"20889600","-2.728631019592285","-2.728631019592285","-2.728631019592285"
"21299200","-2.847830295562744","-2.847830295562744","-2.847830295562744"
"21708800","-2.9674556255340576","-2.9674556255340576","-2.9674556255340576"
"22118400","-3.085599899291992","-3.085599899291992","-3.085599899291992"
"22528000","-3.2055912017822266","-3.2055912017822266","-3.2055912017822266"
"22937600","-3.3092856407165527","-3.3092856407165527","-3.3092856407165527"
"23347200","-3.418057680130005","-3.418057680130005","-3.418057680130005"
"23756800","-3.537215232849121","-3.537215232849121","-3.537215232849121"
"24166400","-3.655341148376465","-3.655341148376465","-3.655341148376465"
"24576000","-3.7758493423461914","-3.7758493423461914","-3.7758493423461914"
"24985600","-3.8922951221466064","-3.8922951221466064","-3.8922951221466064"
"25395200","-4.007269859313965","-4.007269859313965","-4.007269859313965"
"25804800","-4.12778377532959","-4.12778377532959","-4.12778377532959"
"26214400","-4.246030807495117","-4.246030807495117","-4.246030807495117"
"26624000","-4.364416122436523","-4.364416122436523","-4.364416122436523"
"27033600","-4.477055072784424","-4.477055072784424","-4.477055072784424"
"27443200","-4.591163635253906","-4.591163635253906","-4.591163635253906"
"27852800","-4.705914497375488","-4.705914497375488","-4.705914497375488"
"28262400","-4.818889617919922","-4.818889617919922","-4.818889617919922"
"28672000","-4.932366847991943","-4.932366847991943","-4.932366847991943"
"29081600","-5.041265487670898","-5.041265487670898","-5.041265487670898"
"29491200","-5.149544715881348","-5.149544715881348","-5.149544715881348"
"29900800","-5.258595943450928","-5.258595943450928","-5.258595943450928"
"30310400","-5.364550590515137","-5.364550590515137","-5.364550590515137"
"30720000","-5.475105285644531","-5.475105285644531","-5.475105285644531"
"31129600","-5.586031913757324","-5.586031913757324","-5.586031913757324"
"31539200","-5.694585800170898","-5.694585800170898","-5.694585800170898"
"31948800","-5.801713943481445","-5.801713943481445","-5.801713943481445"
"32358400","-5.909003734588623","-5.909003734588623","-5.909003734588623"
"32768000","-6.019412994384766","-6.019412994384766","-6.019412994384766"
"33177600","-6.126570701599121","-6.126570701599121","-6.126570701599121"
"33587200","-6.232827663421631","-6.232827663421631","-6.232827663421631"
"33996800","-6.341470241546631","-6.341470241546631","-6.341470241546631"
"34406400","-6.448530197143555","-6.448530197143555","-6.448530197143555"
"34816000","-6.553576946258545","-6.553576946258545","-6.553576946258545"
"35225600","-6.659652233123779","-6.659652233123779","-6.659652233123779"
"35635200","-6.770639896392822","-6.770639896392822","-6.770639896392822"
"36044800","-6.8799214363098145","-6.8799214363098145","-6.8799214363098145"
"36454400","-6.989263534545898","-6.989263534545898","-6.989263534545898"
"36864000","-7.095306873321533","-7.095306873321533","-7.095306873321533"
"37273600","-7.200282573699951","-7.200282573699951","-7.200282573699951"
"37683200","-7.3034892082214355","-7.3034892082214355","-7.3034892082214355"
"38092800","-7.409274101257324","-7.409274101257324","-7.409274101257324"
"38502400","-7.51523494720459","-7.51523494720459","-7.51523494720459"
"38912000","-7.621051788330078","-7.621051788330078","-7.621051788330078"
"39321600","-7.727715492248535","-7.727715492248535","-7.727715492248535"
"39731200","-7.834327697753906","-7.834327697753906","-7.834327697753906"
"40140800","-7.943608283996582","-7.943608283996582","-7.943608283996582"
"40550400","-8.048731803894043","-8.048731803894043","-8.048731803894043"
"40960000","-8.15244197845459","-8.15244197845459","-8.15244197845459"
"41369600","-8.256439208984375","-8.256439208984375","-8.256439208984375"
"41779200","-8.361395835876465","-8.361395835876465","-8.361395835876465"
"42188800","-8.467056274414062","-8.467056274414062","-8.467056274414062"
"42598400","-8.571125984191895","-8.571125984191895","-8.571125984191895"
"43008000","-8.676483154296875","-8.676483154296875","-8.676483154296875"
"43417600","-8.782670974731445","-8.782670974731445","-8.782670974731445"
"43827200","-8.889196395874023","-8.889196395874023","-8.889196395874023"
"44236800","-8.99322509765625","-8.99322509765625","-8.99322509765625"
"44646400","-9.097158432006836","-9.097158432006836","-9.097158432006836"
"45056000","-9.20008659362793","-9.20008659362793","-9.20008659362793"
"45465600","-9.30174732208252","-9.30174732208252","-9.30174732208252"
"45875200","-9.401844024658203","-9.401844024658203","-9.401844024658203"
"46284800","-9.501106262207031","-9.501106262207031","-9.501106262207031"
"46694400","-9.603693008422852","-9.603693008422852","-9.603693008422852"
"47104000","-9.70505142211914","-9.70505142211914","-9.70505142211914"
"47513600","-9.804399490356445","-9.804399490356445","-9.804399490356445"
"47923200","-9.906301498413086","-9.906301498413086","-9.906301498413086"
"48332800","-10.00837230682373","-10.00837230682373","-10.00837230682373"
"48742400","-10.109149932861328","-10.109149932861328","-10.109149932861328"
"49152000","-10.20934772491455","-10.20934772491455","-10.20934772491455"
"49561600","-10.313201904296875","-10.313201904296875","-10.313201904296875"
"49971200","-10.413799285888672","-10.413799285888672","-10.413799285888672"
"50380800","-10.513218879699707","-10.513218879699707","-10.513218879699707"
"50790400","-10.609682083129883","-10.609682083129883","-10.609682083129883"
"51200000","-10.70862865447998","-10.70862865447998","-10.70862865447998"
"51609600","-10.808639526367188","-10.808639526367188","-10.808639526367188"
"52019200","-10.906042098999023","-10.906042098999023","-10.906042098999023"
"52428800","-11.00238037109375","-11.00238037109375","-11.00238037109375"
"52838400","-11.102276802062988","-11.102276802062988","-11.102276802062988"
"53248000","-11.202064514160156","-11.202064514160156","-11.202064514160156"
"53657600","-11.299707412719727","-11.299707412719727","-11.299707412719727"
"54067200","-11.395581245422363","-11.395581245422363","-11.395581245422363"
"54476800","-11.492525100708008","-11.492525100708008","-11.492525100708008"
"54886400","-11.590618133544922","-11.590618133544922","-11.590618133544922"
"55296000","-11.688990592956543","-11.688990592956543","-11.688990592956543"
"55705600","-11.785623550415039","-11.785623550415039","-11.785623550415039"
"56115200","-11.87918472290039","-11.87918472290039","-11.87918472290039"
"56524800","-11.974512100219727","-11.974512100219727","-11.974512100219727"
"56934400","-12.070603370666504","-12.070603370666504","-12.070603370666504"
"57344000","-12.165448188781738","-12.165448188781738","-12.165448188781738"
"57753600","-12.258831977844238","-12.258831977844238","-12.258831977844238"
"58163200","-12.352977752685547","-12.352977752685547","-12.352977752685547"
"58572800","-12.442831993103027","-12.442831993103027","-12.442831993103027"
"58982400","-12.534393310546875","-12.534393310546875","-12.534393310546875"
"59392000","-12.628437042236328","-12.628437042236328","-12.628437042236328"
"59801600","-12.715243339538574","-12.715243339538574","-12.715243339538574"
"60211200","-12.80406379699707","-12.80406379699707","-12.80406379699707"
"60620800","-12.900742530822754","-12.900742530822754","-12.900742530822754"
"61030400","-12.993873596191406","-12.993873596191406","-12.993873596191406"
"61440000","-13.087063789367676","-13.087063789367676","-13.087063789367676"
"61849600","-13.179790496826172","-13.179790496826172","-13.179790496826172"
"62259200","-13.271554946899414","-13.271554946899414","-13.271554946899414"
"62668800","-13.365575790405273","-13.365575790405273","-13.365575790405273"
"63078400","-13.457742691040039","-13.457742691040039","-13.457742691040039"
"63488000","-13.546622276306152","-13.546622276306152","-13.546622276306152"
"63897600","-13.634564399719238","-13.634564399719238","-13.634564399719238"
"64307200","-13.724190711975098","-13.724190711975098","-13.724190711975098"
"64716800","-13.814496994018555","-13.814496994018555","-13.814496994018555"
"65126400","-13.902807235717773","-13.902807235717773","-13.902807235717773"
"65536000","-13.98917007446289","-13.98917007446289","-13.98917007446289"
"65945600","-14.07612419128418","-14.07612419128418","-14.07612419128418"
"66355200","-14.164243698120117","-14.164243698120117","-14.164243698120117"
"66764800","-14.25433349609375","-14.25433349609375","-14.25433349609375"
"67174400","-14.343088150024414","-14.343088150024414","-14.343088150024414"
"67584000","-14.432963371276855","-14.432963371276855","-14.432963371276855"
"67993600","-14.523395538330078","-14.523395538330078","-14.523395538330078"
"68403200","-14.6126070022583","-14.6126070022583","-14.6126070022583"
"68812800","-14.698517799377441","-14.698517799377441","-14.698517799377441"
"69222400","-14.783218383789062","-14.783218383789062","-14.783218383789062"
"69632000","-14.869656562805176","-14.869656562805176","-14.869656562805176"
"70041600","-14.956305503845215","-14.956305503845215","-14.956305503845215"
"70451200","-15.043954849243164","-15.043954849243164","-15.043954849243164"
"70860800","-15.12806510925293","-15.12806510925293","-15.12806510925293"
"71270400","-15.211597442626953","-15.211597442626953","-15.211597442626953"
"71680000","-15.293067932128906","-15.293067932128906","-15.293067932128906"
"72089600","-15.373308181762695","-15.373308181762695","-15.373308181762695"
"72499200","-15.455693244934082","-15.455693244934082","-15.455693244934082"
"72908800","-15.533024787902832","-15.533024787902832","-15.533024787902832"
"73318400","-15.612619400024414","-15.612619400024414","-15.612619400024414"
"73728000","-15.696550369262695","-15.696550369262695","-15.696550369262695"
"74137600","-15.781326293945312","-15.781326293945312","-15.781326293945312"
"74547200","-15.863558769226074","-15.863558769226074","-15.863558769226074"
"74956800","-15.945664405822754","-15.945664405822754","-15.945664405822754"
"75366400","-16.030675888061523","-16.030675888061523","-16.030675888061523"
"75776000","-16.113117218017578","-16.113117218017578","-16.113117218017578"
"76185600","-16.194133758544922","-16.194133758544922","-16.194133758544922"
"76595200","-16.27257537841797","-16.27257537841797","-16.27257537841797"
"77004800","-16.349611282348633","-16.349611282348633","-16.349611282348633"
"77414400","-16.430313110351562","-16.430313110351562","-16.430313110351562"
"77824000","-16.51325225830078","-16.51325225830078","-16.51325225830078"
"78233600","-16.59320831298828","-16.59320831298828","-16.59320831298828"
"78643200","-16.669660568237305","-16.669660568237305","-16.669660568237305"
"79052800","-16.748584747314453","-16.748584747314453","-16.748584747314453"
"79462400","-16.82621192932129","-16.82621192932129","-16.82621192932129"
"79872000","-16.904041290283203","-16.904041290283203","-16.904041290283203"
"80281600","-16.975330352783203","-16.975330352783203","-16.975330352783203"
"80691200","-17.047698974609375","-17.047698974609375","-17.047698974609375"
"81100800","-17.117507934570312","-17.117507934570312","-17.117507934570312"
"81510400","-17.186668395996094","-17.186668395996094","-17.186668395996094"
"81920000","-17.263076782226562","-17.263076782226562","-17.263076782226562"
"82329600","-17.34055519104004","-17.34055519104004","-17.34055519104004"
"82739200","-17.417177200317383","-17.417177200317383","-17.417177200317383"
"83148800","-17.492849349975586","-17.492849349975586","-17.492849349975586"
"83558400","-17.572914123535156","-17.572914123535156","-17.572914123535156"
"83968000","-17.65015411376953","-17.65015411376953","-17.65015411376953"
"84377600","-17.72820281982422","-17.72820281982422","-17.72820281982422"
"84787200","-17.801841735839844","-17.801841735839844","-17.801841735839844"
"85196800","-17.875701904296875","-17.875701904296875","-17.875701904296875"
"85606400","-17.95284652709961","-17.95284652709961","-17.95284652709961"
"86016000","-18.030776977539062","-18.030776977539062","-18.030776977539062"
"86425600","-18.106271743774414","-18.106271743774414","-18.106271743774414"
"86835200","-18.18032455444336","-18.18032455444336","-18.18032455444336"
"87244800","-18.255882263183594","-18.255882263183594","-18.255882263183594"
"87654400","-18.33163070678711","-18.33163070678711","-18.33163070678711"
"88064000","-18.40635108947754","-18.40635108947754","-18.40635108947754"
"88473600","-18.47662353515625","-18.47662353515625","-18.47662353515625"
"88883200","-18.54718589782715","-18.54718589782715","-18.54718589782715"
"89292800","-18.617835998535156","-18.617835998535156","-18.617835998535156"
"89702400","-18.68956756591797","-18.68956756591797","-18.68956756591797"
"90112000","-18.755199432373047","-18.755199432373047","-18.755199432373047"
"90521600","-18.791519165039062","-18.791519165039062","-18.791519165039062"
"90931200","-18.825387954711914","-18.825387954711914","-18.825387954711914"
"91340800","-18.88204574584961","-18.88204574584961","-18.88204574584961"
"91750400","-18.931846618652344","-18.931846618652344","-18.931846618652344"
"92160000","-18.970117568969727","-18.970117568969727","-18.970117568969727"
"92569600","-19.024070739746094","-19.024070739746094","-19.024070739746094"
"92979200","-19.098974227905273","-19.098974227905273","-19.098974227905273"
"93388800","-19.17068862915039","-19.17068862915039","-19.17068862915039"
"93798400","-19.241838455200195","-19.241838455200195","-19.241838455200195"
"94208000","-19.31308937072754","-19.31308937072754","-19.31308937072754"
"94617600","-19.385520935058594","-19.385520935058594","-19.385520935058594"
"95027200","-19.45965003967285","-19.45965003967285","-19.45965003967285"
"95436800","-19.518478393554688","-19.518478393554688","-19.518478393554688"
"95846400","-19.559694290161133","-19.559694290161133","-19.559694290161133"
"96256000","-19.602642059326172","-19.602642059326172","-19.602642059326172"
"96665600","-19.628864288330078","-19.628864288330078","-19.628864288330078"
"97075200","-19.626874923706055","-19.626874923706055","-19.626874923706055"
"97484800","-19.652324676513672","-19.652324676513672","-19.652324676513672"
"97894400","-19.71480369567871","-19.71480369567871","-19.71480369567871"
"98304000","-19.777095794677734","-19.777095794677734","-19.777095794677734"
"98713600","-19.83936309814453","-19.83936309814453","-19.83936309814453"
"99123200","-19.904190063476562","-19.904190063476562","-19.904190063476562"
"99532800","-19.967050552368164","-19.967050552368164","-19.967050552368164"
"99942400","-20.03186798095703","-20.03186798095703","-20.03186798095703"
"100352000","-20.095718383789062","-20.095718383789062","-20.095718383789062"
"100761600","-20.162391662597656","-20.162391662597656","-20.162391662597656"
"101171200","-20.231292724609375","-20.231292724609375","-20.231292724609375"
"101580800","-20.29690170288086","-20.29690170288086","-20.29690170288086"
"101990400","-20.361045837402344","-20.361045837402344","-20.361045837402344"
"102400000","-20.422365188598633","-20.422365188598633","-20.422365188598633"
"102809600","-20.47534942626953","-20.47534942626953","-20.47534942626953"
"103219200","-20.514713287353516","-20.514713287353516","-20.514713287353516"
"103628800","-20.558124542236328","-20.558124542236328","-20.558124542236328"
"104038400","-20.604351043701172","-20.604351043701172","-20.604351043701172"
"104448000","-20.655311584472656","-20.655311584472656","-20.655311584472656"
"104857600","-20.71341323852539","-20.71341323852539","-20.71341323852539"
"105267200","-20.775108337402344","-20.775108337402344","-20.775108337402344"
"105676800","-20.835886001586914","-20.835886001586914","-20.835886001586914"
"106086400","-20.89632797241211","-20.89632797241211","-20.89632797241211"
"106496000","-20.961437225341797","-20.961437225341797","-20.961437225341797"
"106905600","-21.024072647094727","-21.024072647094727","-21.024072647094727"
"107315200","-21.084814071655273","-21.084814071655273","-21.084814071655273"
"107724800","-21.146215438842773","-21.146215438842773","-21.146215438842773"
"108134400","-21.208580017089844","-21.208580017089844","-21.208580017089844"
"108544000","-21.252532958984375","-21.252532958984375","-21.252532958984375"
"108953600","-21.280380249023438","-21.280380249023438","-21.280380249023438"
"109363200","-21.315858840942383","-21.315858840942383","-21.315858840942383"
"109772800","-21.361221313476562","-21.361221313476562","-21.361221313476562"
"110182400","-21.4034423828125","-21.4034423828125","-21.4034423828125"
"110592000","-21.443511962890625","-21.443511962890625","-21.443511962890625"
"111001600","-21.477863311767578","-21.477863311767578","-21.477863311767578"
"111411200","-21.52170181274414","-21.52170181274414","-21.52170181274414"
"111820800","-21.578702926635742","-21.578702926635742","-21.578702926635742"
"112230400","-21.623504638671875","-21.623504638671875","-21.623504638671875"
"112640000","-21.658679962158203","-21.658679962158203","-21.658679962158203"
"113049600","-21.677982330322266","-21.677982330322266","-21.677982330322266"
"113459200","-21.69996452331543","-21.69996452331543","-21.69996452331543"
"113868800","-21.748371124267578","-21.748371124267578","-21.748371124267578"
"114278400","-21.80629539489746","-21.80629539489746","-21.80629539489746"
"114688000","-21.863601684570312","-21.863601684570312","-21.863601684570312"
"115097600","-21.920551300048828","-21.920551300048828","-21.920551300048828"
"115507200","-21.977066040039062","-21.977066040039062","-21.977066040039062"
"115916800","-22.033321380615234","-22.033321380615234","-22.033321380615234"
"116326400","-22.09019660949707","-22.09019660949707","-22.09019660949707"
"116736000","-22.149911880493164","-22.149911880493164","-22.149911880493164"
"117145600","-22.19859504699707","-22.19859504699707","-22.19859504699707"
"117555200","-22.23552131652832","-22.23552131652832","-22.23552131652832"
"117964800","-22.26447296142578","-22.26447296142578","-22.26447296142578"
"118374400","-22.27967071533203","-22.27967071533203","-22.27967071533203"
"118784000","-22.29229736328125","-22.29229736328125","-22.29229736328125"
"119193600","-22.32164192199707","-22.32164192199707","-22.32164192199707"
"119603200","-22.369388580322266","-22.369388580322266","-22.369388580322266"
"120012800","-22.396804809570312","-22.396804809570312","-22.396804809570312"
"120422400","-22.405805587768555","-22.405805587768555","-22.405805587768555"
"120832000","-22.438676834106445","-22.438676834106445","-22.438676834106445"
"121241600","-22.487781524658203","-22.487781524658203","-22.487781524658203"
"121651200","-22.515050888061523","-22.515050888061523","-22.515050888061523"
"122060800","-22.5118408203125","-22.5118408203125","-22.5118408203125"
"122470400","-22.473037719726562","-22.473037719726562","-22.473037719726562"
"122880000","-22.427589416503906","-22.427589416503906","-22.427589416503906"
"123289600","-22.43779945373535","-22.43779945373535","-22.43779945373535"
"123699200","-22.47052574157715","-22.47052574157715","-22.47052574157715"
"124108800","-22.51280975341797","-22.51280975341797","-22.51280975341797"
"124518400","-22.55666732788086","-22.55666732788086","-22.55666732788086"
"124928000","-22.60219383239746","-22.60219383239746","-22.60219383239746"
"125337600","-22.646907806396484","-22.646907806396484","-22.646907806396484"
"125747200","-22.693965911865234","-22.693965911865234","-22.693965911865234"
"126156800","-22.73239517211914","-22.73239517211914","-22.73239517211914"
"126566400","-22.772899627685547","-22.772899627685547","-22.772899627685547"
"126976000","-22.821781158447266","-22.821781158447266","-22.821781158447266"
"127385600","-22.872451782226562","-22.872451782226562","-22.872451782226562"
"127795200","-22.910184860229492","-22.910184860229492","-22.910184860229492"
"128204800","-22.94724464416504","-22.94724464416504","-22.94724464416504"
"128614400","-22.996070861816406","-22.996070861816406","-22.996070861816406"
"129024000","-23.046188354492188","-23.046188354492188","-23.046188354492188"
"129433600","-23.085901260375977","-23.085901260375977","-23.085901260375977"
"129843200","-23.11435890197754","-23.11435890197754","-23.11435890197754"
"130252800","-23.13473129272461","-23.13473129272461","-23.13473129272461"
"130662400","-23.148883819580078","-23.148883819580078","-23.148883819580078"
"131072000","-23.17498016357422","-23.17498016357422","-23.17498016357422"
"131481600","-23.21172332763672","-23.21172332763672","-23.21172332763672"
"131891200","-23.25045394897461","-23.25045394897461","-23.25045394897461"
"132300800","-23.28701400756836","-23.28701400756836","-23.28701400756836"
"132710400","-23.312053680419922","-23.312053680419922","-23.312053680419922"
"133120000","-23.337249755859375","-23.337249755859375","-23.337249755859375"
"133529600","-23.378173828125","-23.378173828125","-23.378173828125"
"133939200","-23.425575256347656","-23.425575256347656","-23.425575256347656"
"134348800","-23.46344566345215","-23.46344566345215","-23.46344566345215"
"134758400","-23.479042053222656","-23.479042053222656","-23.479042053222656"
"135168000","-23.503219604492188","-23.503219604492188","-23.503219604492188"
"135577600","-23.55022430419922","-23.55022430419922","-23.55022430419922"
"135987200","-23.576019287109375","-23.576019287109375","-23.576019287109375"
"136396800","-23.5997314453125","-23.5997314453125","-23.5997314453125"
"136806400","-23.639484405517578","-23.639484405517578","-23.639484405517578"
"137216000","-23.668733596801758","-23.668733596801758","-23.668733596801758"
"137625600","-23.702552795410156","-23.702552795410156","-23.702552795410156"
"138035200","-23.750377655029297","-23.750377655029297","-23.750377655029297"
"138444800","-23.800186157226562","-23.800186157226562","-23.800186157226562"
"138854400","-23.848825454711914","-23.848825454711914","-23.848825454711914"
"139264000","-23.894136428833008","-23.894136428833008","-23.894136428833008"
"139673600","-23.937149047851562","-23.937149047851562","-23.937149047851562"
"140083200","-23.980670928955078","-23.980670928955078","-23.980670928955078"
"140492800","-24.02508544921875","-24.02508544921875","-24.02508544921875"
"140902400","-24.070661544799805","-24.070661544799805","-24.070661544799805"
"141312000","-24.117151260375977","-24.117151260375977","-24.117151260375977"
"141721600","-24.16070556640625","-24.16070556640625","-24.16070556640625"
"142131200","-24.202682495117188","-24.202682495117188","-24.202682495117188"
"142540800","-24.245582580566406","-24.245582580566406","-24.245582580566406"
"142950400","-24.290973663330078","-24.290973663330078","-24.290973663330078"
"143360000","-24.33588218688965","-24.33588218688965","-24.33588218688965"
"143769600","-24.38033676147461","-24.38033676147461","-24.38033676147461"
"144179200","-24.408720016479492","-24.408720016479492","-24.408720016479492"
"144588800","-24.426013946533203","-24.426013946533203","-24.426013946533203"
"144998400","-24.462982177734375","-24.462982177734375","-24.462982177734375"
"145408000","-24.507080078125","-24.507080078125","-24.507080078125"
"145817600","-24.550519943237305","-24.550519943237305","-24.550519943237305"
"146227200","-24.587217330932617","-24.587217330932617","-24.587217330932617"
"146636800","-24.61951446533203","-24.61951446533203","-24.61951446533203"
"147046400","-24.658382415771484","-24.658382415771484","-24.658382415771484"
"147456000","-24.701080322265625","-24.701080322265625","-24.701080322265625"
"147865600","-24.744892120361328","-24.744892120361328","-24.744892120361328"
"148275200","-24.787925720214844","-24.787925720214844","-24.787925720214844"
"148684800","-24.82828140258789","-24.82828140258789","-24.82828140258789"
"149094400","-24.869647979736328","-24.869647979736328","-24.869647979736328"
"149504000","-24.911087036132812","-24.911087036132812","-24.911087036132812"
"149913600","-24.94908905029297","-24.94908905029297","-24.94908905029297"
"150323200","-24.988367080688477","-24.988367080688477","-24.988367080688477"
"150732800","-25.026905059814453","-25.026905059814453","-25.026905059814453"
"151142400","-25.06869125366211","-25.06869125366211","-25.06869125366211"
"151552000","-25.099477767944336","-25.099477767944336","-25.099477767944336"
"151961600","-25.131683349609375","-25.131683349609375","-25.131683349609375"
"152371200","-25.168182373046875","-25.168182373046875","-25.168182373046875"
"152780800","-25.204486846923828","-25.204486846923828","-25.204486846923828"
"153190400","-25.242706298828125","-25.242706298828125","-25.242706298828125"
"153600000","-25.280887603759766","-25.280887603759766","-25.280887603759766"
"154009600","-25.313919067382812","-25.313919067382812","-25.313919067382812"
"154419200","-25.340646743774414","-25.340646743774414","-25.340646743774414"
"154828800","-25.369138717651367","-25.369138717651367","-25.369138717651367"
"155238400","-25.405574798583984","-25.405574798583984","-25.405574798583984"
"155648000","-25.4451904296875","-25.4451904296875","-25.4451904296875"
"156057600","-25.4826602935791","-25.4826602935791","-25.4826602935791"
"156467200","-25.519872665405273","-25.519872665405273","-25.519872665405273"
"156876800","-25.557876586914062","-25.557876586914062","-25.557876586914062"
"157286400","-25.597553253173828","-25.597553253173828","-25.597553253173828"
"157696000","-25.6358699798584","-25.6358699798584","-25.6358699798584"
"158105600","-25.67238998413086","-25.67238998413086","-25.67238998413086"
"158515200","-25.71072769165039","-25.71072769165039","-25.71072769165039"
"158924800","-25.74640655517578","-25.74640655517578","-25.74640655517578"
"159334400","-25.78160858154297","-25.78160858154297","-25.78160858154297"
"159744000","-25.81592559814453","-25.81592559814453","-25.81592559814453"
"160153600","-25.832006454467773","-25.832006454467773","-25.832006454467773"
"160563200","-25.845348358154297","-25.845348358154297","-25.845348358154297"
"160972800","-25.875507354736328","-25.875507354736328","-25.875507354736328"
"161382400","-25.90934944152832","-25.90934944152832","-25.90934944152832"
"161792000","-25.94468116760254","-25.94468116760254","-25.94468116760254"
"162201600","-25.980159759521484","-25.980159759521484","-25.980159759521484"
"162611200","-26.01569366455078","-26.01569366455078","-26.01569366455078"
"163020800","-26.049144744873047","-26.049144744873047","-26.049144744873047"
"163430400","-26.084430694580078","-26.084430694580078","-26.084430694580078"
"163840000","-26.122041702270508","-26.122041702270508","-26.122041702270508"
"164249600","-26.155424118041992","-26.155424118041992","-26.155424118041992"
"164659200","-26.18820571899414","-26.18820571899414","-26.18820571899414"
"165068800","-26.207643508911133","-26.207643508911133","-26.207643508911133"
"165478400","-26.21453285217285","-26.21453285217285","-26.21453285217285"
"165888000","-26.223316192626953","-26.223316192626953","-26.223316192626953"
"166297600","-26.2403621673584","-26.2403621673584","-26.2403621673584"
"166707200","-26.27130126953125","-26.27130126953125","-26.27130126953125"
"167116800","-26.30550765991211","-26.30550765991211","-26.30550765991211"
"167526400","-26.338180541992188","-26.338180541992188","-26.338180541992188"
"167936000","-26.349079132080078","-26.349079132080078","-26.349079132080078"
"168345600","-26.357955932617188","-26.357955932617188","-26.357955932617188"
"168755200","-26.389202117919922","-26.389202117919922","-26.389202117919922"
"169164800","-26.423320770263672","-26.423320770263672","-26.423320770263672"
"169574400","-26.459714889526367","-26.459714889526367","-26.459714889526367"
"169984000","-26.495716094970703","-26.495716094970703","-26.495716094970703"
"170393600","-26.529361724853516","-26.529361724853516","-26.529361724853516"
"170803200","-26.55657196044922","-26.55657196044922","-26.55657196044922"
"171212800","-26.58269500732422","-26.58269500732422","-26.58269500732422"
"171622400","-26.59882164001465","-26.59882164001465","-26.59882164001465"
"172032000","-26.606727600097656","-26.606727600097656","-26.606727600097656"
"172441600","-26.620529174804688","-26.620529174804688","-26.620529174804688"
"172851200","-26.631946563720703","-26.631946563720703","-26.631946563720703"
"173260800","-26.645856857299805","-26.645856857299805","-26.645856857299805"
"173670400","-26.672306060791016","-26.672306060791016","-26.672306060791016"
"174080000","-26.690677642822266","-26.690677642822266","-26.690677642822266"
"174489600","-26.698163986206055","-26.698163986206055","-26.698163986206055"
"174899200","-26.710628509521484","-26.710628509521484","-26.710628509521484"
"175308800","-26.72456169128418","-26.72456169128418","-26.72456169128418"
"175718400","-26.74420928955078","-26.74420928955078","-26.74420928955078"
"176128000","-26.77032470703125","-26.77032470703125","-26.77032470703125"
"176537600","-26.798946380615234","-26.798946380615234","-26.798946380615234"
"176947200","-26.822072982788086","-26.822072982788086","-26.822072982788086"
"177356800","-26.83702850341797","-26.83702850341797","-26.83702850341797"
"177766400","-26.854616165161133","-26.854616165161133","-26.854616165161133"
"178176000","-26.87981414794922","-26.87981414794922","-26.87981414794922"
"178585600","-26.91114044189453","-26.91114044189453","-26.91114044189453"
"178995200","-26.939699172973633","-26.939699172973633","-26.939699172973633"
"179404800","-26.96623420715332","-26.96623420715332","-26.96623420715332"
"179814400","-26.993526458740234","-26.993526458740234","-26.993526458740234"
"180224000","-27.02233123779297","-27.02233123779297","-27.02233123779297"
"180633600","-27.050825119018555","-27.050825119018555","-27.050825119018555"
"181043200","-27.07952880859375","-27.07952880859375","-27.07952880859375"
"181452800","-27.107254028320312","-27.107254028320312","-27.107254028320312"
"181862400","-27.136672973632812","-27.136672973632812","-27.136672973632812"
"182272000","-27.164194107055664","-27.164194107055664","-27.164194107055664"
"182681600","-27.18941879272461","-27.18941879272461","-27.18941879272461"
"183091200","-27.21553611755371","-27.21553611755371","-27.21553611755371"
"183500800","-27.24123191833496","-27.24123191833496","-27.24123191833496"
"183910400","-27.261920928955078","-27.261920928955078","-27.261920928955078"
"184320000","-27.282108306884766","-27.282108306884766","-27.282108306884766"
"184729600","-27.307832717895508","-27.307832717895508","-27.307832717895508"
"185139200","-27.332683563232422","-27.332683563232422","-27.332683563232422"
"185548800","-27.356948852539062","-27.356948852539062","-27.356948852539062"
"185958400","-27.381271362304688","-27.381271362304688","-27.381271362304688"
"186368000","-27.40701675415039","-27.40701675415039","-27.40701675415039"
"186777600","-27.43368911743164","-27.43368911743164","-27.43368911743164"
"187187200","-27.458829879760742","-27.458829879760742","-27.458829879760742"
"187596800","-27.48123550415039","-27.48123550415039","-27.48123550415039"
"188006400","-27.503692626953125","-27.503692626953125","-27.503692626953125"
"188416000","-27.525890350341797","-27.525890350341797","-27.525890350341797"
"188825600","-27.54649543762207","-27.54649543762207","-27.54649543762207"
"189235200","-27.555816650390625","-27.555816650390625","-27.555816650390625"
"189644800","-27.559335708618164","-27.559335708618164","-27.559335708618164"
"190054400","-27.573396682739258","-27.573396682739258","-27.573396682739258"
"190464000","-27.586299896240234","-27.586299896240234","-27.586299896240234"
"190873600","-27.59991455078125","-27.59991455078125","-27.59991455078125"
"191283200","-27.622262954711914","-27.622262954711914","-27.622262954711914"
"191692800","-27.645421981811523","-27.645421981811523","-27.645421981811523"
"192102400","-27.669239044189453","-27.669239044189453","-27.669239044189453"
"192512000","-27.694438934326172","-27.694438934326172","-27.694438934326172"
"192921600","-27.717575073242188","-27.717575073242188","-27.717575073242188"
"193331200","-27.708690643310547","-27.708690643310547","-27.708690643310547"
"193740800","-27.685941696166992","-27.685941696166992","-27.685941696166992"
"194150400","-27.69961929321289","-27.69961929321289","-27.69961929321289"
"194560000","-27.720367431640625","-27.720367431640625","-27.720367431640625"
"194969600","-27.742202758789062","-27.742202758789062","-27.742202758789062"
"195379200","-27.761585235595703","-27.761585235595703","-27.761585235595703"
"195788800","-27.780797958374023","-27.780797958374023","-27.780797958374023"
"196198400","-27.801395416259766","-27.801395416259766","-27.801395416259766"
"196608000","-27.823354721069336","-27.823354721069336","-27.823354721069336"
"197017600","-27.843093872070312","-27.843093872070312","-27.843093872070312"
"197427200","-27.86391830444336","-27.86391830444336","-27.86391830444336"
"197836800","-27.88330078125","-27.88330078125","-27.88330078125"
"198246400","-27.902328491210938","-27.902328491210938","-27.902328491210938"
"198656000","-27.92232894897461","-27.92232894897461","-27.92232894897461"
"199065600","-27.942609786987305","-27.942609786987305","-27.942609786987305"
"199475200","-27.961931228637695","-27.961931228637695","-27.961931228637695"
"199884800","-27.98065757751465","-27.98065757751465","-27.98065757751465"
"200294400","-27.999540328979492","-27.999540328979492","-27.999540328979492"
"200704000","-28.020038604736328","-28.020038604736328","-28.020038604736328"
"201113600","-28.04053497314453","-28.04053497314453","-28.04053497314453"
"201523200","-28.06063461303711","-28.06063461303711","-28.06063461303711"
"201932800","-28.080028533935547","-28.080028533935547","-28.080028533935547"
"202342400","-28.091018676757812","-28.091018676757812","-28.091018676757812"
"202752000","-28.097061157226562","-28.097061157226562","-28.097061157226562"
"203161600","-28.11017608642578","-28.11017608642578","-28.11017608642578"
"203571200","-28.130264282226562","-28.130264282226562","-28.130264282226562"
"203980800","-28.1472110748291","-28.1472110748291","-28.1472110748291"
"204390400","-28.165706634521484","-28.165706634521484","-28.165706634521484"
"204800000","-28.186279296875","-28.186279296875","-28.186279296875"
"205209600","-28.205453872680664","-28.205453872680664","-28.205453872680664"
"205619200","-28.221681594848633","-28.221681594848633","-28.221681594848633"
"206028800","-28.240211486816406","-28.240211486816406","-28.240211486816406"
"206438400","-28.259502410888672","-28.259502410888672","-28.259502410888672"
"206848000","-28.277740478515625","-28.277740478515625","-28.277740478515625"
"207257600","-28.29511260986328","-28.29511260986328","-28.29511260986328"
"207667200","-28.312217712402344","-28.312217712402344","-28.312217712402344"
"208076800","-28.32988739013672","-28.32988739013672","-28.32988739013672"
"208486400","-28.349090576171875","-28.349090576171875","-28.349090576171875"
"208896000","-28.368587493896484","-28.368587493896484","-28.368587493896484"
"209305600","-28.38759994506836","-28.38759994506836","-28.38759994506836"
"209715200","-28.407011032104492","-28.407011032104492","-28.407011032104492"
"210124800","-28.426025390625","-28.426025390625","-28.426025390625"
"210534400","-28.446170806884766","-28.446170806884766","-28.446170806884766"
"210944000","-28.464719772338867","-28.464719772338867","-28.464719772338867"
"211353600","-28.483491897583008","-28.483491897583008","-28.483491897583008"
"211763200","-28.499736785888672","-28.499736785888672","-28.499736785888672"
"212172800","-28.514497756958008","-28.514497756958008","-28.514497756958008"
"212582400","-28.531896591186523","-28.531896591186523","-28.531896591186523"
"212992000","-28.55074119567871","-28.55074119567871","-28.55074119567871"
"213401600","-28.568771362304688","-28.568771362304688","-28.568771362304688"
"213811200","-28.585390090942383","-28.585390090942383","-28.585390090942383"
"214220800","-28.60236358642578","-28.60236358642578","-28.60236358642578"
"214630400","-28.61841583251953","-28.61841583251953","-28.61841583251953"
"215040000","-28.63384246826172","-28.63384246826172","-28.63384246826172"
"215449600","-28.64812660217285","-28.64812660217285","-28.64812660217285"
"215859200","-28.661436080932617","-28.661436080932617","-28.661436080932617"
"216268800","-28.677234649658203","-28.677234649658203","-28.677234649658203"
"216678400","-28.694162368774414","-28.694162368774414","-28.694162368774414"
"217088000","-28.709407806396484","-28.709407806396484","-28.709407806396484"
"217497600","-28.724559783935547","-28.724559783935547","-28.724559783935547"
"217907200","-28.740222930908203","-28.740222930908203","-28.740222930908203"
"218316800","-28.754785537719727","-28.754785537719727","-28.754785537719727"
"218726400","-28.771732330322266","-28.771732330322266","-28.771732330322266"
"219136000","-28.789249420166016","-28.789249420166016","-28.789249420166016"
"219545600","-28.804903030395508","-28.804903030395508","-28.804903030395508"
"219955200","-28.819656372070312","-28.819656372070312","-28.819656372070312"
"220364800","-28.83378791809082","-28.83378791809082","-28.83378791809082"
"220774400","-28.84918785095215","-28.84918785095215","-28.84918785095215"
"221184000","-28.86402702331543","-28.86402702331543","-28.86402702331543"
"221593600","-28.878372192382812","-28.878372192382812","-28.878372192382812"
"222003200","-28.892776489257812","-28.892776489257812","-28.892776489257812"
"222412800","-28.902099609375","-28.902099609375","-28.902099609375"
"222822400","-28.90312385559082","-28.90312385559082","-28.90312385559082"
"223232000","-28.893672943115234","-28.893672943115234","-28.893672943115234"
"223641600","-28.889970779418945","-28.889970779418945","-28.889970779418945"
"224051200","-28.90399169921875","-28.90399169921875","-28.90399169921875"
"224460800","-28.918508529663086","-28.918508529663086","-28.918508529663086"
"224870400","-28.932218551635742","-28.932218551635742","-28.932218551635742"
"225280000","-28.944931030273438","-28.944931030273438","-28.944931030273438"
"225689600","-28.95590591430664","-28.95590591430664","-28.95590591430664"
"226099200","-28.96888542175293","-28.96888542175293","-28.96888542175293"
"226508800","-28.983646392822266","-28.983646392822266","-28.983646392822266"
"226918400","-28.998821258544922","-28.998821258544922","-28.998821258544922"
"227328000","-29.01277732849121","-29.01277732849121","-29.01277732849121"
"227737600","-29.0252628326416","-29.0252628326416","-29.0252628326416"
"228147200","-29.038589477539062","-29.038589477539062","-29.038589477539062"
"228556800","-29.05337142944336","-29.05337142944336","-29.05337142944336"
"228966400","-29.069095611572266","-29.069095611572266","-29.069095611572266"
"229376000","-29.08308982849121","-29.08308982849121","-29.08308982849121"
"229785600","-29.097137451171875","-29.097137451171875","-29.097137451171875"
"230195200","-29.11222267150879","-29.11222267150879","-29.11222267150879"
"230604800","-29.125778198242188","-29.125778198242188","-29.125778198242188"
"231014400","-29.138782501220703","-29.138782501220703","-29.138782501220703"
"231424000","-29.152070999145508","-29.152070999145508","-29.152070999145508"
"231833600","-29.164104461669922","-29.164104461669922","-29.164104461669922"
"232243200","-29.176401138305664","-29.176401138305664","-29.176401138305664"
"232652800","-29.187435150146484","-29.187435150146484","-29.187435150146484"
"233062400","-29.200122833251953","-29.200122833251953","-29.200122833251953"
"233472000","-29.21302032470703","-29.21302032470703","-29.21302032470703"
"233881600","-29.22471046447754","-29.22471046447754","-29.22471046447754"
"234291200","-29.23712921142578","-29.23712921142578","-29.23712921142578"
"234700800","-29.250656127929688","-29.250656127929688","-29.250656127929688"
"235110400","-29.261735916137695","-29.261735916137695","-29.261735916137695"
"235520000","-29.273937225341797","-29.273937225341797","-29.273937225341797"
"235929600","-29.286422729492188","-29.286422729492188","-29.286422729492188"
"236339200","-29.29746437072754","-29.29746437072754","-29.29746437072754"
"236748800","-29.308719635009766","-29.308719635009766","-29.308719635009766"
"237158400","-29.3198299407959","-29.3198299407959","-29.3198299407959"
"237568000","-29.330097198486328","-29.330097198486328","-29.330097198486328"
"237977600","-29.341127395629883","-29.341127395629883","-29.341127395629883"
"238387200","-29.35350799560547","-29.35350799560547","-29.35350799560547"
"238796800","-29.365144729614258","-29.365144729614258","-29.365144729614258"
"239206400","-29.37697410583496","-29.37697410583496","-29.37697410583496"
"239616000","-29.389476776123047","-29.389476776123047","-29.389476776123047"
"240025600","-29.400009155273438","-29.400009155273438","-29.400009155273438"
"240435200","-29.409597396850586","-29.409597396850586","-29.409597396850586"
"240844800","-29.42099380493164","-29.42099380493164","-29.42099380493164"
"241254400","-29.42913055419922","-29.42913055419922","-29.42913055419922"
"241664000","-29.426624298095703","-29.426624298095703","-29.426624298095703"
"242073600","-29.41480255126953","-29.41480255126953","-29.41480255126953"
"242483200","-29.39841079711914","-29.39841079711914","-29.39841079711914"
"242892800","-29.39329719543457","-29.39329719543457","-29.39329719543457"
"243302400","-29.398834228515625","-29.398834228515625","-29.398834228515625"
"243712000","-29.409345626831055","-29.409345626831055","-29.409345626831055"
"244121600","-29.42009925842285","-29.42009925842285","-29.42009925842285"
"244531200","-29.430130004882812","-29.430130004882812","-29.430130004882812"
"244940800","-29.43917465209961","-29.43917465209961","-29.43917465209961"
"245350400","-29.444374084472656","-29.444374084472656","-29.444374084472656"
"245760000","-29.449081420898438","-29.449081420898438","-29.449081420898438"
"246169600","-29.458986282348633","-29.458986282348633","-29.458986282348633"
"246579200","-29.468997955322266","-29.468997955322266","-29.468997955322266"
"246988800","-29.479137420654297","-29.479137420654297","-29.479137420654297"
"247398400","-29.489091873168945","-29.489091873168945","-29.489091873168945"
"247808000","-29.48301124572754","-29.48301124572754","-29.48301124572754"
"248217600","-29.45877456665039","-29.45877456665039","-29.45877456665039"
"248627200","-29.44164276123047","-29.44164276123047","-29.44164276123047"
"249036800","-29.423324584960938","-29.423324584960938","-29.423324584960938"
"249446400","-29.418468475341797","-29.418468475341797","-29.418468475341797"
"249856000","-29.42580795288086","-29.42580795288086","-29.42580795288086"
"250265600","-29.426145553588867","-29.426145553588867","-29.426145553588867"
"250675200","-29.419620513916016","-29.419620513916016","-29.419620513916016"
"251084800","-29.421157836914062","-29.421157836914062","-29.421157836914062"
"251494400","-29.429325103759766","-29.429325103759766","-29.429325103759766"
"251904000","-29.437978744506836","-29.437978744506836","-29.437978744506836"
"252313600","-29.443748474121094","-29.443748474121094","-29.443748474121094"
"252723200","-29.441232681274414","-29.441232681274414","-29.441232681274414"
"253132800","-29.434127807617188","-29.434127807617188","-29.434127807617188"
"253542400","-29.437236785888672","-29.437236785888672","-29.437236785888672"
"253952000","-29.446388244628906","-29.446388244628906","-29.446388244628906"
"254361600","-29.454364776611328","-29.454364776611328","-29.454364776611328"
"254771200","-29.461902618408203","-29.461902618408203","-29.461902618408203"
"255180800","-29.470474243164062","-29.470474243164062","-29.470474243164062"
"255590400","-29.478504180908203","-29.478504180908203","-29.478504180908203"
"256000000","-29.478954315185547","-29.478954315185547","-29.478954315185547"
"256409600","-29.472843170166016","-29.472843170166016","-29.472843170166016"
"256819200","-29.471481323242188","-29.471481323242188","-29.471481323242188"
"257228800","-29.474910736083984","-29.474910736083984","-29.474910736083984"
"257638400","-29.482620239257812","-29.482620239257812","-29.482620239257812"
"258048000","-29.490570068359375","-29.490570068359375","-29.490570068359375"
"258457600","-29.498233795166016","-29.498233795166016","-29.498233795166016"
"258867200","-29.50520896911621","-29.50520896911621","-29.50520896911621"
"259276800","-29.512775421142578","-29.512775421142578","-29.512775421142578"
"259686400","-29.520719528198242","-29.520719528198242","-29.520719528198242"
"260096000","-29.528602600097656","-29.528602600097656","-29.528602600097656"
"260505600","-29.53621482849121","-29.53621482849121","-29.53621482849121"
"260915200","-29.54436492919922","-29.54436492919922","-29.54436492919922"
"261324800","-29.552719116210938","-29.552719116210938","-29.552719116210938"
"261734400","-29.561256408691406","-29.561256408691406","-29.561256408691406"
"262144000","-29.569211959838867","-29.569211959838867","-29.569211959838867"
"262553600","-29.57650375366211","-29.57650375366211","-29.57650375366211"
"262963200","-29.58338737487793","-29.58338737487793","-29.58338737487793"
"263372800","-29.589862823486328","-29.589862823486328","-29.589862823486328"
"263782400","-29.59700584411621","-29.59700584411621","-29.59700584411621"
"264192000","-29.600574493408203","-29.600574493408203","-29.600574493408203"
"264601600","-29.598228454589844","-29.598228454589844","-29.598228454589844"
"265011200","-29.589641571044922","-29.589641571044922","-29.589641571044922"
"265420800","-29.582775115966797","-29.582775115966797","-29.582775115966797"
"265830400","-29.58365249633789","-29.58365249633789","-29.58365249633789"
"266240000","-29.57375144958496","-29.57375144958496","-29.57375144958496"
"266649600","-29.559663772583008","-29.559663772583008","-29.559663772583008"
"267059200","-29.549484252929688","-29.549484252929688","-29.549484252929688"
"267468800","-29.543119430541992","-29.543119430541992","-29.543119430541992"
"267878400","-29.534332275390625","-29.534332275390625","-29.534332275390625"
"268288000","-29.527244567871094","-29.527244567871094","-29.527244567871094"
"268697600","-29.519004821777344","-29.519004821777344","-29.519004821777344"
"269107200","-29.51020622253418","-29.51020622253418","-29.51020622253418"
"269516800","-29.50049591064453","-29.50049591064453","-29.50049591064453"
"269926400","-29.496135711669922","-29.496135711669922","-29.496135711669922"
"270336000","-29.500350952148438","-29.500350952148438","-29.500350952148438"
"270745600","-29.5048770904541","-29.5048770904541","-29.5048770904541"
"271155200","-29.50912094116211","-29.50912094116211","-29.50912094116211"
"271564800","-29.514328002929688","-29.514328002929688","-29.514328002929688"
"271974400","-29.519657135009766","-29.519657135009766","-29.519657135009766"
"272384000","-29.52492904663086","-29.52492904663086","-29.52492904663086"
"272793600","-29.529624938964844","-29.529624938964844","-29.529624938964844"
"273203200","-29.53402328491211","-29.53402328491211","-29.53402328491211"
"273612800","-29.538463592529297","-29.538463592529297","-29.538463592529297"
"274022400","-29.540634155273438","-29.540634155273438","-29.540634155273438"
"274432000","-29.538890838623047","-29.538890838623047","-29.538890838623047"
"274841600","-29.53549575805664","-29.53549575805664","-29.53549575805664"
"275251200","-29.53369903564453","-29.53369903564453","-29.53369903564453"
"275660800","-29.537918090820312","-29.537918090820312","-29.537918090820312"
"276070400","-29.539466857910156","-29.539466857910156","-29.539466857910156"
"276480000","-29.538558959960938","-29.538558959960938","-29.538558959960938"
"276889600","-29.541873931884766","-29.541873931884766","-29.541873931884766"
"277299200","-29.546220779418945","-29.546220779418945","-29.546220779418945"
"277708800","-29.551025390625","-29.551025390625","-29.551025390625"
"278118400","-29.556018829345703","-29.556018829345703","-29.556018829345703"
"278528000","-29.560283660888672","-29.560283660888672","-29.560283660888672"
"278937600","-29.559616088867188","-29.559616088867188","-29.559616088867188"
"279347200","-29.553010940551758","-29.553010940551758","-29.553010940551758"
"279756800","-29.55139923095703","-29.55139923095703","-29.55139923095703"
"280166400","-29.55270004272461","-29.55270004272461","-29.55270004272461"
"280576000","-29.54887580871582","-29.54887580871582","-29.54887580871582"
"280985600","-29.543840408325195","-29.543840408325195","-29.543840408325195"
"281395200","-29.543657302856445","-29.543657302856445","-29.543657302856445"
"281804800","-29.546913146972656","-29.546913146972656","-29.546913146972656"
"282214400","-29.550582885742188","-29.550582885742188","-29.550582885742188"
"282624000","-29.552139282226562","-29.552139282226562","-29.552139282226562"
"283033600","-29.550823211669922","-29.550823211669922","-29.550823211669922"
"283443200","-29.54930877685547","-29.54930877685547","-29.54930877685547"
"283852800","-29.548721313476562","-29.548721313476562","-29.548721313476562"
"284262400","-29.551528930664062","-29.551528930664062","-29.551528930664062"
"284672000","-29.554855346679688","-29.554855346679688","-29.554855346679688"
"285081600","-29.558067321777344","-29.558067321777344","-29.558067321777344"
"285491200","-29.56119155883789","-29.56119155883789","-29.56119155883789"
"285900800","-29.564186096191406","-29.564186096191406","-29.564186096191406"
"286310400","-29.567237854003906","-29.567237854003906","-29.567237854003906"
"286720000","-29.570314407348633","-29.570314407348633","-29.570314407348633"
"287129600","-29.573261260986328","-29.573261260986328","-29.573261260986328"
"287539200","-29.576065063476562","-29.576065063476562","-29.576065063476562"
"287948800","-29.578594207763672","-29.578594207763672","-29.578594207763672"
"288358400","-29.581222534179688","-29.581222534179688","-29.581222534179688"
"288768000","-29.583894729614258","-29.583894729614258","-29.583894729614258"
"289177600","-29.586503982543945","-29.586503982543945","-29.586503982543945"
"289587200","-29.588878631591797","-29.588878631591797","-29.588878631591797"
"289996800","-29.590988159179688","-29.590988159179688","-29.590988159179688"
"290406400","-29.593215942382812","-29.593215942382812","-29.593215942382812"
"290816000","-29.59534454345703","-29.59534454345703","-29.59534454345703"
"291225600","-29.596290588378906","-29.596290588378906","-29.596290588378906"
"291635200","-29.595672607421875","-29.595672607421875","-29.595672607421875"
"292044800","-29.59423828125","-29.59423828125","-29.59423828125"
"292454400","-29.59361457824707","-29.59361457824707","-29.59361457824707"
"292864000","-29.595298767089844","-29.595298767089844","-29.595298767089844"
"293273600","-29.596933364868164","-29.596933364868164","-29.596933364868164"
"293683200","-29.59823226928711","-29.59823226928711","-29.59823226928711"
"294092800","-29.59813690185547","-29.59813690185547","-29.59813690185547"
"294502400","-29.596004486083984","-29.596004486083984","-29.596004486083984"
"294912000","-29.594512939453125","-29.594512939453125","-29.594512939453125"
"295321600","-29.593425750732422","-29.593425750732422","-29.593425750732422"
"295731200","-29.592519760131836","-29.592519760131836","-29.592519760131836"
"296140800","-29.592388153076172","-29.592388153076172","-29.592388153076172"
"296550400","-29.593168258666992","-29.593168258666992","-29.593168258666992"
"296960000","-29.59391212463379","-29.59391212463379","-29.59391212463379"
"297369600","-29.594554901123047","-29.594554901123047","-29.594554901123047"
"297779200","-29.595144271850586","-29.595144271850586","-29.595144271850586"
"298188800","-29.595680236816406","-29.595680236816406","-29.595680236816406"
"298598400","-29.595947265625","-29.595947265625","-29.595947265625"
"299008000","-29.59581184387207","-29.59581184387207","-29.59581184387207"
"299417600","-29.59556770324707","-29.59556770324707","-29.59556770324707"
"299827200","-29.595462799072266","-29.595462799072266","-29.595462799072266"
"300236800","-29.595441818237305","-29.595441818237305","-29.595441818237305"