"Step","faithful-sunset-317 - Validation Measures/euclidean_distance/site_rpos","faithful-sunset-317 - Validation Measures/euclidean_distance/site_rpos__MIN","faithful-sunset-317 - Validation Measures/euclidean_distance/site_rpos__MAX"
"12697600","0.1579458862543106","0.1579458862543106","0.1579458862543106"
"24985600","0.11076945066452026","0.11076945066452026","0.11076945066452026"
"37273600","0.08916620165109634","0.08916620165109634","0.08916620165109634"
"49561600","0.07877392321825027","0.07877392321825027","0.07877392321825027"
"61849600","0.07239073514938354","0.07239073514938354","0.07239073514938354"
"74137600","0.06796996295452118","0.06796996295452118","0.06796996295452118"
"86425600","0.06552250683307648","0.06552250683307648","0.06552250683307648"
"98713600","0.06531976163387299","0.06531976163387299","0.06531976163387299"
"111001600","0.06357330828905106","0.06357330828905106","0.06357330828905106"
"123289600","0.06422818452119827","0.06422818452119827","0.06422818452119827"
"135577600","0.06229006126523018","0.06229006126523018","0.06229006126523018"
"147865600","0.06293459981679916","0.06293459981679916","0.06293459981679916"
"160153600","0.06114407256245613","0.06114407256245613","0.06114407256245613"
"172441600","0.05958025902509689","0.05958025902509689","0.05958025902509689"
"184729600","0.059136975556612015","0.059136975556612015","0.059136975556612015"
"197017600","0.05937332287430763","0.05937332287430763","0.05937332287430763"
"209305600","0.060073789209127426","0.060073789209127426","0.060073789209127426"
"221593600","0.059428293257951736","0.059428293257951736","0.059428293257951736"
"233881600","0.05905040726065636","0.05905040726065636","0.05905040726065636"
"246169600","0.05809127911925316","0.05809127911925316","0.05809127911925316"
"258457600","0.06026873365044594","0.06026873365044594","0.06026873365044594"
"270745600","0.059648189693689346","0.059648189693689346","0.059648189693689346"
"283033600","0.060156162828207016","0.060156162828207016","0.060156162828207016"
"295321600","0.059353556483983994","0.059353556483983994","0.059353556483983994"