"Step","faithful-sunset-317 - Validation Measures/euclidean_distance/site_rvel","faithful-sunset-317 - Validation Measures/euclidean_distance/site_rvel__MIN","faithful-sunset-317 - Validation Measures/euclidean_distance/site_rvel__MAX"
"12697600","9.773049354553223","9.773049354553223","9.773049354553223"
"24985600","7.904928684234619","7.904928684234619","7.904928684234619"
"37273600","6.104700565338135","6.104700565338135","6.104700565338135"
"49561600","4.915368556976318","4.915368556976318","4.915368556976318"
"61849600","4.118679523468018","4.118679523468018","4.118679523468018"
"74137600","3.5972189903259277","3.5972189903259277","3.5972189903259277"
"86425600","3.2061243057250977","3.2061243057250977","3.2061243057250977"
"98713600","2.998296022415161","2.998296022415161","2.998296022415161"
"111001600","2.8454630374908447","2.8454630374908447","2.8454630374908447"
"123289600","2.7808926105499268","2.7808926105499268","2.7808926105499268"
"135577600","2.658684492111206","2.658684492111206","2.658684492111206"
"147865600","2.658667802810669","2.658667802810669","2.658667802810669"
"160153600","2.5655593872070312","2.5655593872070312","2.5655593872070312"
"172441600","2.4399681091308594","2.4399681091308594","2.4399681091308594"
"184729600","2.42869234085083","2.42869234085083","2.42869234085083"
"197017600","2.423586368560791","2.423586368560791","2.423586368560791"
"209305600","2.449249744415283","2.449249744415283","2.449249744415283"
"221593600","2.4184694290161133","2.4184694290161133","2.4184694290161133"
"233881600","2.386363983154297","2.386363983154297","2.386363983154297"
"246169600","2.357752799987793","2.357752799987793","2.357752799987793"
"258457600","2.4162492752075195","2.4162492752075195","2.4162492752075195"
"270745600","2.3986713886260986","2.3986713886260986","2.3986713886260986"
"283033600","2.3770956993103027","2.3770956993103027","2.3770956993103027"
"295321600","2.3319153785705566","2.3319153785705566","2.3319153785705566"