"Step","faithful-sunset-317 - Validation Measures/euclidean_distance/qpos","faithful-sunset-317 - Validation Measures/euclidean_distance/qpos__MIN","faithful-sunset-317 - Validation Measures/euclidean_distance/qpos__MAX"
"12697600","2.4688148498535156","2.4688148498535156","2.4688148498535156"
"24985600","2.4642395973205566","2.4642395973205566","2.4642395973205566"
"37273600","2.6823134422302246","2.6823134422302246","2.6823134422302246"
"49561600","2.3100345134735107","2.3100345134735107","2.3100345134735107"
"61849600","1.9734584093093872","1.9734584093093872","1.9734584093093872"
"74137600","2.420677900314331","2.420677900314331","2.420677900314331"
"86425600","2.4571871757507324","2.4571871757507324","2.4571871757507324"
"98713600","2.5441622734069824","2.5441622734069824","2.5441622734069824"
"111001600","2.397707939147949","2.397707939147949","2.397707939147949"
"123289600","2.494492769241333","2.494492769241333","2.494492769241333"
"135577600","2.4121155738830566","2.4121155738830566","2.4121155738830566"
"147865600","2.560727119445801","2.560727119445801","2.560727119445801"
"160153600","2.330169439315796","2.330169439315796","2.330169439315796"
"172441600","2.516646146774292","2.516646146774292","2.516646146774292"
"184729600","2.3141767978668213","2.3141767978668213","2.3141767978668213"
"197017600","2.4836177825927734","2.4836177825927734","2.4836177825927734"
"209305600","2.3563568592071533","2.3563568592071533","2.3563568592071533"
"221593600","2.310173749923706","2.310173749923706","2.310173749923706"
"233881600","2.5467288494110107","2.5467288494110107","2.5467288494110107"
"246169600","2.427990436553955","2.427990436553955","2.427990436553955"
"258457600","2.351102590560913","2.351102590560913","2.351102590560913"
"270745600","2.6951029300689697","2.6951029300689697","2.6951029300689697"
"283033600","2.5477707386016846","2.5477707386016846","2.5477707386016846"
"295321600","2.824336528778076","2.824336528778076","2.824336528778076"