"Step","faithful-sunset-317 - Validation Measures/euclidean_distance/qvel","faithful-sunset-317 - Validation Measures/euclidean_distance/qvel__MIN","faithful-sunset-317 - Validation Measures/euclidean_distance/qvel__MAX"
"12697600","4.156513690948486","4.156513690948486","4.156513690948486"
"24985600","3.421678066253662","3.421678066253662","3.421678066253662"
"37273600","2.8230597972869873","2.8230597972869873","2.8230597972869873"
"49561600","2.417985677719116","2.417985677719116","2.417985677719116"
"61849600","2.1424427032470703","2.1424427032470703","2.1424427032470703"
"74137600","1.925002932548523","1.925002932548523","1.925002932548523"
"86425600","1.766635537147522","1.766635537147522","1.766635537147522"
"98713600","1.6583794355392456","1.6583794355392456","1.6583794355392456"
"111001600","1.5693098306655884","1.5693098306655884","1.5693098306655884"
"123289600","1.5232937335968018","1.5232937335968018","1.5232937335968018"
"135577600","1.4662213325500488","1.4662213325500488","1.4662213325500488"
"147865600","1.4493615627288818","1.4493615627288818","1.4493615627288818"
"160153600","1.4059414863586426","1.4059414863586426","1.4059414863586426"
"172441600","1.3430192470550537","1.3430192470550537","1.3430192470550537"
"184729600","1.3271262645721436","1.3271262645721436","1.3271262645721436"
"197017600","1.3182226419448853","1.3182226419448853","1.3182226419448853"
"209305600","1.3116145133972168","1.3116145133972168","1.3116145133972168"
"221593600","1.2907063961029053","1.2907063961029053","1.2907063961029053"
"233881600","1.2843214273452759","1.2843214273452759","1.2843214273452759"
"246169600","1.2642033100128174","1.2642033100128174","1.2642033100128174"
"258457600","1.2824409008026123","1.2824409008026123","1.2824409008026123"
"270745600","1.2836674451828003","1.2836674451828003","1.2836674451828003"
"283033600","1.2608022689819336","1.2608022689819336","1.2608022689819336"
"295321600","1.2469371557235718","1.2469371557235718","1.2469371557235718"