"Step","faithful-sunset-317 - Validation Measures/euclidean_distance/site_rrotvec","faithful-sunset-317 - Validation Measures/euclidean_distance/site_rrotvec__MIN","faithful-sunset-317 - Validation Measures/euclidean_distance/site_rrotvec__MAX"
"12697600","0.28488942980766296","0.28488942980766296","0.28488942980766296"
"24985600","0.1847921758890152","0.1847921758890152","0.1847921758890152"
"37273600","0.14190766215324402","0.14190766215324402","0.14190766215324402"
"49561600","0.12091808766126633","0.12091808766126633","0.12091808766126633"
"61849600","0.10952004790306091","0.10952004790306091","0.10952004790306091"
"74137600","0.10273846238851547","0.10273846238851547","0.10273846238851547"
"86425600","0.09727448970079422","0.09727448970079422","0.09727448970079422"
"98713600","0.09835007041692734","0.09835007041692734","0.09835007041692734"
"111001600","0.09885396808385849","0.09885396808385849","0.09885396808385849"
"123289600","0.10125395655632019","0.10125395655632019","0.10125395655632019"
"135577600","0.10420612245798111","0.10420612245798111","0.10420612245798111"
"147865600","0.10420223325490952","0.10420223325490952","0.10420223325490952"
"160153600","0.103382408618927","0.103382408618927","0.103382408618927"
"172441600","0.10240554809570312","0.10240554809570312","0.10240554809570312"
"184729600","0.1009574756026268","0.1009574756026268","0.1009574756026268"
"197017600","0.10165837407112122","0.10165837407112122","0.10165837407112122"
"209305600","0.10311893373727798","0.10311893373727798","0.10311893373727798"
"221593600","0.10411782562732697","0.10411782562732697","0.10411782562732697"
"233881600","0.10517744719982147","0.10517744719982147","0.10517744719982147"
"246169600","0.10441211611032486","0.10441211611032486","0.10441211611032486"
"258457600","0.10922714322805405","0.10922714322805405","0.10922714322805405"
"270745600","0.11066454648971558","0.11066454648971558","0.11066454648971558"
"283033600","0.11184298247098923","0.11184298247098923","0.11184298247098923"
"295321600","0.11302559077739716","0.11302559077739716","0.11302559077739716"