"Step","faithful-sunset-317 - Mean Episode Return","faithful-sunset-317 - Mean Episode Return__MIN","faithful-sunset-317 - Mean Episode Return__MAX"
"819200","10.382104873657227","10.382104873657227","10.382104873657227"
"1228800","11.96750545501709","11.96750545501709","11.96750545501709"
"1638400","14.03946590423584","14.03946590423584","14.03946590423584"
"2048000","16.673192977905273","16.673192977905273","16.673192977905273"
"2457600","19.938608169555664","19.938608169555664","19.938608169555664"
"2867200","23.854610443115234","23.854610443115234","23.854610443115234"
"3276800","28.83043670654297","28.83043670654297","28.83043670654297"
"3686400","36.00669479370117","36.00669479370117","36.00669479370117"
"4096000","46.980525970458984","46.980525970458984","46.980525970458984"
"4505600","60.826271057128906","60.826271057128906","60.826271057128906"
"4915200","86.14701843261719","86.14701843261719","86.14701843261719"
"5324800","114.78224182128906","114.78224182128906","114.78224182128906"
"5734400","168.03060913085938","168.03060913085938","168.03060913085938"
"6144000","246.7239990234375","246.7239990234375","246.7239990234375"
"6553600","310.5964050292969","310.5964050292969","310.5964050292969"
"6963200","349.8540954589844","349.8540954589844","349.8540954589844"
"7372800","374.5347900390625","374.5347900390625","374.5347900390625"
"7782400","397.49169921875","397.49169921875","397.49169921875"
"8192000","428.9320983886719","428.9320983886719","428.9320983886719"
"8601600","462.58056640625","462.58056640625","462.58056640625"
"9011200","497.77923583984375","497.77923583984375","497.77923583984375"
"9420800","510.5040283203125","510.5040283203125","510.5040283203125"
"9830400","542.085693359375","542.085693359375","542.085693359375"
"10240000","579.50048828125","579.50048828125","579.50048828125"
"10649600","618.683349609375","618.683349609375","618.683349609375"
"11059200","638.4970092773438","638.4970092773438","638.4970092773438"
"11468800","659.5947265625","659.5947265625","659.5947265625"
"11878400","497.19061279296875","497.19061279296875","497.19061279296875"
"12288000","482.4949645996094","482.4949645996094","482.4949645996094"
"12697600","523.89599609375","523.89599609375","523.89599609375"
"13107200","552.3638916015625","552.3638916015625","552.3638916015625"
"13516800","558.8529052734375","558.8529052734375","558.8529052734375"
"13926400","561.6452026367188","561.6452026367188","561.6452026367188"
"14336000","555.7333374023438","555.7333374023438","555.7333374023438"
"14745600","611.7898559570312","611.7898559570312","611.7898559570312"
"15155200","640.80859375","640.80859375","640.80859375"
"15564800","642.787841796875","642.787841796875","642.787841796875"
"15974400","627.0974731445312","627.0974731445312","627.0974731445312"
"16384000","652.2958984375","652.2958984375","652.2958984375"
"16793600","678.5703735351562","678.5703735351562","678.5703735351562"
"17203200","723.5490112304688","723.5490112304688","723.5490112304688"
"17612800","701.1422729492188","701.1422729492188","701.1422729492188"
"18022400","702.6517944335938","702.6517944335938","702.6517944335938"
"18432000","725.5506591796875","725.5506591796875","725.5506591796875"
"18841600","725.3482055664062","725.3482055664062","725.3482055664062"
"19251200","780.0087890625","780.0087890625","780.0087890625"
"19660800","781.5538940429688","781.5538940429688","781.5538940429688"
"20070400","733.4862060546875","733.4862060546875","733.4862060546875"
"20480000","758.7034912109375","758.7034912109375","758.7034912109375"
"20889600","792.2920532226562","792.2920532226562","792.2920532226562"
"21299200","827.7371215820312","827.7371215820312","827.7371215820312"
"21708800","802.767822265625","802.767822265625","802.767822265625"
"22118400","798.1212768554688","798.1212768554688","798.1212768554688"
"22528000","792.6176147460938","792.6176147460938","792.6176147460938"
"22937600","716.917724609375","716.917724609375","716.917724609375"
"23347200","687.0255737304688","687.0255737304688","687.0255737304688"
"23756800","626.80029296875","626.80029296875","626.80029296875"
"24166400","631.4741821289062","631.4741821289062","631.4741821289062"
"24576000","641.516845703125","641.516845703125","641.516845703125"
"24985600","676.8936157226562","676.8936157226562","676.8936157226562"
"25395200","692.5118408203125","692.5118408203125","692.5118408203125"
"25804800","662.6068115234375","662.6068115234375","662.6068115234375"
"26214400","656.6141967773438","656.6141967773438","656.6141967773438"
"26624000","670.5985107421875","670.5985107421875","670.5985107421875"
"27033600","706.955810546875","706.955810546875","706.955810546875"
"27443200","718.6925659179688","718.6925659179688","718.6925659179688"
"27852800","672.6828002929688","672.6828002929688","672.6828002929688"
"28262400","684.38818359375","684.38818359375","684.38818359375"
"28672000","709.49462890625","709.49462890625","709.49462890625"
"29081600","739.3938598632812","739.3938598632812","739.3938598632812"
"29491200","737.2683715820312","737.2683715820312","737.2683715820312"
"29900800","689.0462036132812","689.0462036132812","689.0462036132812"
"30310400","694.359130859375","694.359130859375","694.359130859375"
"30720000","726.4750366210938","726.4750366210938","726.4750366210938"
"31129600","754.7362060546875","754.7362060546875","754.7362060546875"
"31539200","765.4326171875","765.4326171875","765.4326171875"
"31948800","720.970458984375","720.970458984375","720.970458984375"
"32358400","717.3547973632812","717.3547973632812","717.3547973632812"
"32768000","744.5316772460938","744.5316772460938","744.5316772460938"
"33177600","774.0146484375","774.0146484375","774.0146484375"
"33587200","762.943603515625","762.943603515625","762.943603515625"
"33996800","741.9479370117188","741.9479370117188","741.9479370117188"
"34406400","743.7412719726562","743.7412719726562","743.7412719726562"
"34816000","759.8189697265625","759.8189697265625","759.8189697265625"
"35225600","800.2913208007812","800.2913208007812","800.2913208007812"
"35635200","766.5628051757812","766.5628051757812","766.5628051757812"
"36044800","755.8595581054688","755.8595581054688","755.8595581054688"
"36454400","754.3822631835938","754.3822631835938","754.3822631835938"
"36864000","796.3402709960938","796.3402709960938","796.3402709960938"
"37273600","806.643798828125","806.643798828125","806.643798828125"
"37683200","780.26171875","780.26171875","780.26171875"
"38092800","789.0369873046875","789.0369873046875","789.0369873046875"
"38502400","768.2603149414062","768.2603149414062","768.2603149414062"
"38912000","823.9998168945312","823.9998168945312","823.9998168945312"
"39321600","818.1317749023438","818.1317749023438","818.1317749023438"
"39731200","811.3233642578125","811.3233642578125","811.3233642578125"
"40140800","790.1092529296875","790.1092529296875","790.1092529296875"
"40550400","780.9736938476562","780.9736938476562","780.9736938476562"
"40960000","831.3211059570312","831.3211059570312","831.3211059570312"
"41369600","829.3775634765625","829.3775634765625","829.3775634765625"
"41779200","841.6453857421875","841.6453857421875","841.6453857421875"
"42188800","793.4757080078125","793.4757080078125","793.4757080078125"
"42598400","803.5281982421875","803.5281982421875","803.5281982421875"
"43008000","824.7084350585938","824.7084350585938","824.7084350585938"
"43417600","841.5298461914062","841.5298461914062","841.5298461914062"
"43827200","853.2246704101562","853.2246704101562","853.2246704101562"
"44236800","794.9414672851562","794.9414672851562","794.9414672851562"
"44646400","824.9005737304688","824.9005737304688","824.9005737304688"
"45056000","847.2044067382812","847.2044067382812","847.2044067382812"
"45465600","855.532958984375","855.532958984375","855.532958984375"
"45875200","849.1810302734375","849.1810302734375","849.1810302734375"
"46284800","822.3005981445312","822.3005981445312","822.3005981445312"
"46694400","866.7277221679688","866.7277221679688","866.7277221679688"
"47104000","827.86376953125","827.86376953125","827.86376953125"
"47513600","860.6542358398438","860.6542358398438","860.6542358398438"
"47923200","871.5568237304688","871.5568237304688","871.5568237304688"
"48332800","835.10888671875","835.10888671875","835.10888671875"
"48742400","854.7508544921875","854.7508544921875","854.7508544921875"
"49152000","838.8108520507812","838.8108520507812","838.8108520507812"
"49561600","856.2059326171875","856.2059326171875","856.2059326171875"
"49971200","894.339111328125","894.339111328125","894.339111328125"
"50380800","855.9181518554688","855.9181518554688","855.9181518554688"
"50790400","873.1875610351562","873.1875610351562","873.1875610351562"
"51200000","849.23876953125","849.23876953125","849.23876953125"
"51609600","858.267333984375","858.267333984375","858.267333984375"
"52019200","898.4778442382812","898.4778442382812","898.4778442382812"
"52428800","864.8341674804688","864.8341674804688","864.8341674804688"
"52838400","861.3201904296875","861.3201904296875","861.3201904296875"
"53248000","859.0254516601562","859.0254516601562","859.0254516601562"
"53657600","873.92333984375","873.92333984375","873.92333984375"
"54067200","919.2199096679688","919.2199096679688","919.2199096679688"
"54476800","867.0294799804688","867.0294799804688","867.0294799804688"
"54886400","883.8607177734375","883.8607177734375","883.8607177734375"
"55296000","864.9573364257812","864.9573364257812","864.9573364257812"
"55705600","896.0682983398438","896.0682983398438","896.0682983398438"
"56115200","926.5671997070312","926.5671997070312","926.5671997070312"
"56524800","867.8968505859375","867.8968505859375","867.8968505859375"
"56934400","871.6349487304688","871.6349487304688","871.6349487304688"
"57344000","879.44873046875","879.44873046875","879.44873046875"
"57753600","893.1567993164062","893.1567993164062","893.1567993164062"
"58163200","929.0274658203125","929.0274658203125","929.0274658203125"
"58572800","899.071533203125","899.071533203125","899.071533203125"
"58982400","864.4445190429688","864.4445190429688","864.4445190429688"
"59392000","909.5100708007812","909.5100708007812","909.5100708007812"
"59801600","895.2390747070312","895.2390747070312","895.2390747070312"
"60211200","940.7890625","940.7890625","940.7890625"
"60620800","877.115234375","877.115234375","877.115234375"
"61030400","861.1821899414062","861.1821899414062","861.1821899414062"
"61440000","905.235595703125","905.235595703125","905.235595703125"
"61849600","920.9947509765625","920.9947509765625","920.9947509765625"
"62259200","915.314697265625","915.314697265625","915.314697265625"
"62668800","887.83837890625","887.83837890625","887.83837890625"
"63078400","870.6465454101562","870.6465454101562","870.6465454101562"
"63488000","920.3685302734375","920.3685302734375","920.3685302734375"
"63897600","950.549560546875","950.549560546875","950.549560546875"
"64307200","903.5838623046875","903.5838623046875","903.5838623046875"
"64716800","893.424072265625","893.424072265625","893.424072265625"
"65126400","889.0213012695312","889.0213012695312","889.0213012695312"
"65536000","918.59326171875","918.59326171875","918.59326171875"
"65945600","951.4637451171875","951.4637451171875","951.4637451171875"
"66355200","900.526611328125","900.526611328125","900.526611328125"
"66764800","918.9903564453125","918.9903564453125","918.9903564453125"
"67174400","895.4816284179688","895.4816284179688","895.4816284179688"
"67584000","912.4058227539062","912.4058227539062","912.4058227539062"
"67993600","940.0320434570312","940.0320434570312","940.0320434570312"
"68403200","901.6348266601562","901.6348266601562","901.6348266601562"
"68812800","951.87548828125","951.87548828125","951.87548828125"
"69222400","886.1982421875","886.1982421875","886.1982421875"
"69632000","908.9629516601562","908.9629516601562","908.9629516601562"
"70041600","936.2659301757812","936.2659301757812","936.2659301757812"
"70451200","926.7546997070312","926.7546997070312","926.7546997070312"
"70860800","922.1312255859375","922.1312255859375","922.1312255859375"
"71270400","894.927001953125","894.927001953125","894.927001953125"
"71680000","935.4818115234375","935.4818115234375","935.4818115234375"
"72089600","935.1551513671875","935.1551513671875","935.1551513671875"
"72499200","945.1824340820312","945.1824340820312","945.1824340820312"
"72908800","921.3541259765625","921.3541259765625","921.3541259765625"
"73318400","917.6494750976562","917.6494750976562","917.6494750976562"
"73728000","928.4249267578125","928.4249267578125","928.4249267578125"
"74137600","922.0343627929688","922.0343627929688","922.0343627929688"
"74547200","959.8413696289062","959.8413696289062","959.8413696289062"
"74956800","920.0242309570312","920.0242309570312","920.0242309570312"
"75366400","926.3449096679688","926.3449096679688","926.3449096679688"
"75776000","927.6004638671875","927.6004638671875","927.6004638671875"
"76185600","918.0288696289062","918.0288696289062","918.0288696289062"
"76595200","966.2646484375","966.2646484375","966.2646484375"
"77004800","921.2830810546875","921.2830810546875","921.2830810546875"
"77414400","941.8336181640625","941.8336181640625","941.8336181640625"
"77824000","928.7339477539062","928.7339477539062","928.7339477539062"
"78233600","930.0152587890625","930.0152587890625","930.0152587890625"
"78643200","946.0277709960938","946.0277709960938","946.0277709960938"
"79052800","935.1171875","935.1171875","935.1171875"
"79462400","946.9353637695312","946.9353637695312","946.9353637695312"
"79872000","912.3313598632812","912.3313598632812","912.3313598632812"
"80281600","936.2172241210938","936.2172241210938","936.2172241210938"
"80691200","942.678955078125","942.678955078125","942.678955078125"
"81100800","945.7244262695312","945.7244262695312","945.7244262695312"
"81510400","959.3423461914062","959.3423461914062","959.3423461914062"
"81920000","925.0406494140625","925.0406494140625","925.0406494140625"
"82329600","933.471435546875","933.471435546875","933.471435546875"
"82739200","917.395751953125","917.395751953125","917.395751953125"
"83148800","978.7280883789062","978.7280883789062","978.7280883789062"
"83558400","973.039306640625","973.039306640625","973.039306640625"
"83968000","921.189453125","921.189453125","921.189453125"
"84377600","938.9205932617188","938.9205932617188","938.9205932617188"
"84787200","931.937255859375","931.937255859375","931.937255859375"
"85196800","970.677734375","970.677734375","970.677734375"
"85606400","963.3488159179688","963.3488159179688","963.3488159179688"
"86016000","910.272216796875","910.272216796875","910.272216796875"
"86425600","949.4044799804688","949.4044799804688","949.4044799804688"
"86835200","947.98974609375","947.98974609375","947.98974609375"
"87244800","962.2084350585938","962.2084350585938","962.2084350585938"
"87654400","960.5086059570312","960.5086059570312","960.5086059570312"
"88064000","924.6248168945312","924.6248168945312","924.6248168945312"
"88473600","977.6204833984375","977.6204833984375","977.6204833984375"
"88883200","949.7315063476562","949.7315063476562","949.7315063476562"
"89292800","944.5121459960938","944.5121459960938","944.5121459960938"
"89702400","953.9795532226562","953.9795532226562","953.9795532226562"
"90112000","936.335693359375","936.335693359375","936.335693359375"
"90521600","989.4371948242188","989.4371948242188","989.4371948242188"
"90931200","926.0068969726562","926.0068969726562","926.0068969726562"
"91340800","937.9190673828125","937.9190673828125","937.9190673828125"
"91750400","985.5469970703125","985.5469970703125","985.5469970703125"
"92160000","915.18310546875","915.18310546875","915.18310546875"
"92569600","977.4829711914062","977.4829711914062","977.4829711914062"
"92979200","938.6566162109375","938.6566162109375","938.6566162109375"
"93388800","940.637939453125","940.637939453125","940.637939453125"
"93798400","996.1951904296875","996.1951904296875","996.1951904296875"
"94208000","925.342529296875","925.342529296875","925.342529296875"
"94617600","959.653564453125","959.653564453125","959.653564453125"
"95027200","934.86474609375","934.86474609375","934.86474609375"
"95436800","985.9338989257812","985.9338989257812","985.9338989257812"
"95846400","976.7144165039062","976.7144165039062","976.7144165039062"
"96256000","935.9927978515625","935.9927978515625","935.9927978515625"
"96665600","965.1517944335938","965.1517944335938","965.1517944335938"
"97075200","939.3850708007812","939.3850708007812","939.3850708007812"
"97484800","981.0131225585938","981.0131225585938","981.0131225585938"
"97894400","983.8375854492188","983.8375854492188","983.8375854492188"
"98304000","916.0230102539062","916.0230102539062","916.0230102539062"
"98713600","964.8766479492188","964.8766479492188","964.8766479492188"
"99123200","963.4395141601562","963.4395141601562","963.4395141601562"
"99532800","994.64501953125","994.64501953125","994.64501953125"
"99942400","974.1696166992188","974.1696166992188","974.1696166992188"
"100352000","923.3463134765625","923.3463134765625","923.3463134765625"
"100761600","942.1859130859375","942.1859130859375","942.1859130859375"
"101171200","980.4542236328125","980.4542236328125","980.4542236328125"
"101580800","968.6650390625","968.6650390625","968.6650390625"
"101990400","988.4848022460938","988.4848022460938","988.4848022460938"
"102400000","941.2886962890625","941.2886962890625","941.2886962890625"
"102809600","925.6648559570312","925.6648559570312","925.6648559570312"
"103219200","972.9556884765625","972.9556884765625","972.9556884765625"
"103628800","975.1377563476562","975.1377563476562","975.1377563476562"
"104038400","976.8955078125","976.8955078125","976.8955078125"
"104448000","945.1549072265625","945.1549072265625","945.1549072265625"
"104857600","961.7886352539062","961.7886352539062","961.7886352539062"
"105267200","971.4047241210938","971.4047241210938","971.4047241210938"
"105676800","1003.528564453125","1003.528564453125","1003.528564453125"
"106086400","971.7501220703125","971.7501220703125","971.7501220703125"
"106496000","937.4346923828125","937.4346923828125","937.4346923828125"
"106905600","960.1419067382812","960.1419067382812","960.1419067382812"
"107315200","978.6591796875","978.6591796875","978.6591796875"
"107724800","981.8206176757812","981.8206176757812","981.8206176757812"
"108134400","969.0518798828125","969.0518798828125","969.0518798828125"
"108544000","948.5733032226562","948.5733032226562","948.5733032226562"
"108953600","964.5188598632812","964.5188598632812","964.5188598632812"
"109363200","975.7271728515625","975.7271728515625","975.7271728515625"
"109772800","983.6509399414062","983.6509399414062","983.6509399414062"
"110182400","963.3729858398438","963.3729858398438","963.3729858398438"
"110592000","953.4928588867188","953.4928588867188","953.4928588867188"
"111001600","966.1484375","966.1484375","966.1484375"
"111411200","999.1717529296875","999.1717529296875","999.1717529296875"
"111820800","972.626220703125","972.626220703125","972.626220703125"
"112230400","980.0452270507812","980.0452270507812","980.0452270507812"
"112640000","994.0220336914062","994.0220336914062","994.0220336914062"
"113049600","952.14990234375","952.14990234375","952.14990234375"
"113459200","988.5330810546875","988.5330810546875","988.5330810546875"
"113868800","978.0787353515625","978.0787353515625","978.0787353515625"
"114278400","956.7955322265625","956.7955322265625","956.7955322265625"
"114688000","970.0015258789062","970.0015258789062","970.0015258789062"
"115097600","957.3045654296875","957.3045654296875","957.3045654296875"
"115507200","986.0142211914062","986.0142211914062","986.0142211914062"
"115916800","983.7117919921875","983.7117919921875","983.7117919921875"
"116326400","963.9302368164062","963.9302368164062","963.9302368164062"
"116736000","960.4182739257812","960.4182739257812","960.4182739257812"
"117145600","956.0932006835938","956.0932006835938","956.0932006835938"
"117555200","1003.05517578125","1003.05517578125","1003.05517578125"
"117964800","986.03759765625","986.03759765625","986.03759765625"
"118374400","975.6339721679688","975.6339721679688","975.6339721679688"
"118784000","948.5851440429688","948.5851440429688","948.5851440429688"
"119193600","980.5156860351562","980.5156860351562","980.5156860351562"
"119603200","986.1140747070312","986.1140747070312","986.1140747070312"
"120012800","998.148193359375","998.148193359375","998.148193359375"
"120422400","968.7432861328125","968.7432861328125","968.7432861328125"
"120832000","959.215087890625","959.215087890625","959.215087890625"
"121241600","973.5469360351562","973.5469360351562","973.5469360351562"
"121651200","985.733154296875","985.733154296875","985.733154296875"
"122060800","1013.6947021484375","1013.6947021484375","1013.6947021484375"
"122470400","947.48095703125","947.48095703125","947.48095703125"
"122880000","972.505859375","972.505859375","972.505859375"
"123289600","953.1530151367188","953.1530151367188","953.1530151367188"
"123699200","977.4730834960938","977.4730834960938","977.4730834960938"
"124108800","1026.199462890625","1026.199462890625","1026.199462890625"
"124518400","952.0199584960938","952.0199584960938","952.0199584960938"
"124928000","971.0282592773438","971.0282592773438","971.0282592773438"
"125337600","952.5018310546875","952.5018310546875","952.5018310546875"
"125747200","980.2985229492188","980.2985229492188","980.2985229492188"
"126156800","1008.2503051757812","1008.2503051757812","1008.2503051757812"
"126566400","951.0986938476562","951.0986938476562","951.0986938476562"
"126976000","977.018798828125","977.018798828125","977.018798828125"
"127385600","971.4473876953125","971.4473876953125","971.4473876953125"
"127795200","968.350830078125","968.350830078125","968.350830078125"
"128204800","1015.4739990234375","1015.4739990234375","1015.4739990234375"
"128614400","939.9353637695312","939.9353637695312","939.9353637695312"
"129024000","993.5421142578125","993.5421142578125","993.5421142578125"
"129433600","958.0638427734375","958.0638427734375","958.0638427734375"
"129843200","973.0208740234375","973.0208740234375","973.0208740234375"
"130252800","1034.248291015625","1034.248291015625","1034.248291015625"
"130662400","952.9072265625","952.9072265625","952.9072265625"
"131072000","991.9194946289062","991.9194946289062","991.9194946289062"
"131481600","950.0537719726562","950.0537719726562","950.0537719726562"
"131891200","955.7462768554688","955.7462768554688","955.7462768554688"
"132300800","1027.3824462890625","1027.3824462890625","1027.3824462890625"
"132710400","957.2070922851562","957.2070922851562","957.2070922851562"
"133120000","999.4805297851562","999.4805297851562","999.4805297851562"
"133529600","971.5077514648438","971.5077514648438","971.5077514648438"
"133939200","966.5066528320312","966.5066528320312","966.5066528320312"
"134348800","989.7018432617188","989.7018432617188","989.7018432617188"
"134758400","956.6383056640625","956.6383056640625","956.6383056640625"
"135168000","999.1356201171875","999.1356201171875","999.1356201171875"
"135577600","986.9439086914062","986.9439086914062","986.9439086914062"
"135987200","966.8569946289062","966.8569946289062","966.8569946289062"
"136396800","1002.3629150390625","1002.3629150390625","1002.3629150390625"
"136806400","953.322998046875","953.322998046875","953.322998046875"
"137216000","986.9471435546875","986.9471435546875","986.9471435546875"
"137625600","997.961669921875","997.961669921875","997.961669921875"
"138035200","966.1303100585938","966.1303100585938","966.1303100585938"
"138444800","999.8629760742188","999.8629760742188","999.8629760742188"
"138854400","959.7824096679688","959.7824096679688","959.7824096679688"
"139264000","993.9140625","993.9140625","993.9140625"
"139673600","977.4037475585938","977.4037475585938","977.4037475585938"
"140083200","973.0509033203125","973.0509033203125","973.0509033203125"
"140492800","1014.47607421875","1014.47607421875","1014.47607421875"
"140902400","967.84521484375","967.84521484375","967.84521484375"
"141312000","999.198974609375","999.198974609375","999.198974609375"
"141721600","958.0474243164062","958.0474243164062","958.0474243164062"
"142131200","1002.0076904296875","1002.0076904296875","1002.0076904296875"
"142540800","1008.2058715820312","1008.2058715820312","1008.2058715820312"
"142950400","959.4866333007812","959.4866333007812","959.4866333007812"
"143360000","1006.3576049804688","1006.3576049804688","1006.3576049804688"
"143769600","956.2158203125","956.2158203125","956.2158203125"
"144179200","1005.067626953125","1005.067626953125","1005.067626953125"
"144588800","1007.28173828125","1007.28173828125","1007.28173828125"
"144998400","944.4595947265625","944.4595947265625","944.4595947265625"
"145408000","1005.4800415039062","1005.4800415039062","1005.4800415039062"
"145817600","948.1292724609375","948.1292724609375","948.1292724609375"
"146227200","1000.958251953125","1000.958251953125","1000.958251953125"
"146636800","996.1885375976562","996.1885375976562","996.1885375976562"
"147046400","961.0418090820312","961.0418090820312","961.0418090820312"
"147456000","1003.1475219726562","1003.1475219726562","1003.1475219726562"
"147865600","939.991943359375","939.991943359375","939.991943359375"
"148275200","1004.1011962890625","1004.1011962890625","1004.1011962890625"
"148684800","1023.3827514648438","1023.3827514648438","1023.3827514648438"
"149094400","978.0767822265625","978.0767822265625","978.0767822265625"
"149504000","1003.3179931640625","1003.3179931640625","1003.3179931640625"
"149913600","950.3651123046875","950.3651123046875","950.3651123046875"
"150323200","999.4542846679688","999.4542846679688","999.4542846679688"
"150732800","1008.5687255859375","1008.5687255859375","1008.5687255859375"
"151142400","939.815185546875","939.815185546875","939.815185546875"
"151552000","999.2344360351562","999.2344360351562","999.2344360351562"
"151961600","989.4076538085938","989.4076538085938","989.4076538085938"
"152371200","1007.7518310546875","1007.7518310546875","1007.7518310546875"
"152780800","1013.6464233398438","1013.6464233398438","1013.6464233398438"
"153190400","950.3236694335938","950.3236694335938","950.3236694335938"
"153600000","997.970458984375","997.970458984375","997.970458984375"
"154009600","972.1512451171875","972.1512451171875","972.1512451171875"
"154419200","1002.5886840820312","1002.5886840820312","1002.5886840820312"
"154828800","1014.1204833984375","1014.1204833984375","1014.1204833984375"
"155238400","938.2572631835938","938.2572631835938","938.2572631835938"
"155648000","1004.5639038085938","1004.5639038085938","1004.5639038085938"
"156057600","1003.0443725585938","1003.0443725585938","1003.0443725585938"
"156467200","1028.7310791015625","1028.7310791015625","1028.7310791015625"
"156876800","1016.4210205078125","1016.4210205078125","1016.4210205078125"
"157286400","956.4949951171875","956.4949951171875","956.4949951171875"
"157696000","997.6190185546875","997.6190185546875","997.6190185546875"
"158105600","989.757568359375","989.757568359375","989.757568359375"
"158515200","1021.1163330078125","1021.1163330078125","1021.1163330078125"
"158924800","1024.62060546875","1024.62060546875","1024.62060546875"
"159334400","942.9781494140625","942.9781494140625","942.9781494140625"
"159744000","996.4815673828125","996.4815673828125","996.4815673828125"
"160153600","989.3002319335938","989.3002319335938","989.3002319335938"
"160563200","1002.885986328125","1002.885986328125","1002.885986328125"
"160972800","1029.7926025390625","1029.7926025390625","1029.7926025390625"
"161382400","933.9244995117188","933.9244995117188","933.9244995117188"
"161792000","1004.7384033203125","1004.7384033203125","1004.7384033203125"
"162201600","984.1835327148438","984.1835327148438","984.1835327148438"
"162611200","1005.9351806640625","1005.9351806640625","1005.9351806640625"
"163020800","1054.70068359375","1054.70068359375","1054.70068359375"
"163430400","937.1217041015625","937.1217041015625","937.1217041015625"
"163840000","1012.4397583007812","1012.4397583007812","1012.4397583007812"
"164249600","999.3132934570312","999.3132934570312","999.3132934570312"
"164659200","1003.0148315429688","1003.0148315429688","1003.0148315429688"
"165068800","1021.3887329101562","1021.3887329101562","1021.3887329101562"
"165478400","960.224853515625","960.224853515625","960.224853515625"
"165888000","1003.2205200195312","1003.2205200195312","1003.2205200195312"
"166297600","1003.2657470703125","1003.2657470703125","1003.2657470703125"
"166707200","996.1414794921875","996.1414794921875","996.1414794921875"
"167116800","1023.6109619140625","1023.6109619140625","1023.6109619140625"
"167526400","954.0707397460938","954.0707397460938","954.0707397460938"
"167936000","1001.0527954101562","1001.0527954101562","1001.0527954101562"
"168345600","1025.501220703125","1025.501220703125","1025.501220703125"
"168755200","977.9347534179688","977.9347534179688","977.9347534179688"
"169164800","1015.9188232421875","1015.9188232421875","1015.9188232421875"
"169574400","967.6228637695312","967.6228637695312","967.6228637695312"
"169984000","1008.01416015625","1008.01416015625","1008.01416015625"
"170393600","1019.1378173828125","1019.1378173828125","1019.1378173828125"
"170803200","967.4962768554688","967.4962768554688","967.4962768554688"
"171212800","1029.3779296875","1029.3779296875","1029.3779296875"
"171622400","977.7636108398438","977.7636108398438","977.7636108398438"
"172032000","1013.1071166992188","1013.1071166992188","1013.1071166992188"
"172441600","1000.2100219726562","1000.2100219726562","1000.2100219726562"
"172851200","984.6646728515625","984.6646728515625","984.6646728515625"
"173260800","1025.766357421875","1025.766357421875","1025.766357421875"
"173670400","989.8890380859375","989.8890380859375","989.8890380859375"
"174080000","998.609619140625","998.609619140625","998.609619140625"
"174489600","994.3873291015625","994.3873291015625","994.3873291015625"
"174899200","1006.5614624023438","1006.5614624023438","1006.5614624023438"
"175308800","1025.9053955078125","1025.9053955078125","1025.9053955078125"
"175718400","971.2057495117188","971.2057495117188","971.2057495117188"
"176128000","998.63330078125","998.63330078125","998.63330078125"
"176537600","1005.7823486328125","1005.7823486328125","1005.7823486328125"
"176947200","1022.5986328125","1022.5986328125","1022.5986328125"
"177356800","1010.8851928710938","1010.8851928710938","1010.8851928710938"
"177766400","949.2650146484375","949.2650146484375","949.2650146484375"
"178176000","1004.5469360351562","1004.5469360351562","1004.5469360351562"
"178585600","998.2172241210938","998.2172241210938","998.2172241210938"
"178995200","1048.54736328125","1048.54736328125","1048.54736328125"
"179404800","1032.57275390625","1032.57275390625","1032.57275390625"
"179814400","955.4201049804688","955.4201049804688","955.4201049804688"
"180224000","1004.6828002929688","1004.6828002929688","1004.6828002929688"
"180633600","987.4540405273438","987.4540405273438","987.4540405273438"
"181043200","1035.04296875","1035.04296875","1035.04296875"
"181452800","1016.0076293945312","1016.0076293945312","1016.0076293945312"
"181862400","983.519775390625","983.519775390625","983.519775390625"
"182272000","1012.433837890625","1012.433837890625","1012.433837890625"
"182681600","958.3670654296875","958.3670654296875","958.3670654296875"
"183091200","1023.3043823242188","1023.3043823242188","1023.3043823242188"
"183500800","1028.1624755859375","1028.1624755859375","1028.1624755859375"
"183910400","970.0316772460938","970.0316772460938","970.0316772460938"
"184320000","1010.440673828125","1010.440673828125","1010.440673828125"
"184729600","980.5439453125","980.5439453125","980.5439453125"
"185139200","1020.4260864257812","1020.4260864257812","1020.4260864257812"
"185548800","1035.3162841796875","1035.3162841796875","1035.3162841796875"
"185958400","970.0189819335938","970.0189819335938","970.0189819335938"
"186368000","1005.108154296875","1005.108154296875","1005.108154296875"
"186777600","991.8967895507812","991.8967895507812","991.8967895507812"
"187187200","1034.35693359375","1034.35693359375","1034.35693359375"
"187596800","1023.7755126953125","1023.7755126953125","1023.7755126953125"
"188006400","948.738525390625","948.738525390625","948.738525390625"
"188416000","1024.4169921875","1024.4169921875","1024.4169921875"
"188825600","987.4100952148438","987.4100952148438","987.4100952148438"
"189235200","1049.0709228515625","1049.0709228515625","1049.0709228515625"
"189644800","1012.165771484375","1012.165771484375","1012.165771484375"
"190054400","965.9674682617188","965.9674682617188","965.9674682617188"
"190464000","996.7738647460938","996.7738647460938","996.7738647460938"
"190873600","997.3055419921875","997.3055419921875","997.3055419921875"
"191283200","1046.2696533203125","1046.2696533203125","1046.2696533203125"
"191692800","1035.18359375","1035.18359375","1035.18359375"
"192102400","956.6149291992188","956.6149291992188","956.6149291992188"
"192512000","995.30859375","995.30859375","995.30859375"
"192921600","1019.2006225585938","1019.2006225585938","1019.2006225585938"
"193331200","1025.591064453125","1025.591064453125","1025.591064453125"
"193740800","1032.053955078125","1032.053955078125","1032.053955078125"
"194150400","962.248291015625","962.248291015625","962.248291015625"
"194560000","988.1226806640625","988.1226806640625","988.1226806640625"
"194969600","1009.7337036132812","1009.7337036132812","1009.7337036132812"
"195379200","1033.1907958984375","1033.1907958984375","1033.1907958984375"
"195788800","1035.5694580078125","1035.5694580078125","1035.5694580078125"
"196198400","979.996826171875","979.996826171875","979.996826171875"
"196608000","982.4742431640625","982.4742431640625","982.4742431640625"
"197017600","998.7977294921875","998.7977294921875","998.7977294921875"
"197427200","1013.8121948242188","1013.8121948242188","1013.8121948242188"
"197836800","1061.473876953125","1061.473876953125","1061.473876953125"
"198246400","965.3178100585938","965.3178100585938","965.3178100585938"
"198656000","1005.9857788085938","1005.9857788085938","1005.9857788085938"
"199065600","949.09326171875","949.09326171875","949.09326171875"
"199475200","1052.641357421875","1052.641357421875","1052.641357421875"
"199884800","1077.317626953125","1077.317626953125","1077.317626953125"
"200294400","981.1248779296875","981.1248779296875","981.1248779296875"
"200704000","1011.6134643554688","1011.6134643554688","1011.6134643554688"
"201113600","953.3699951171875","953.3699951171875","953.3699951171875"
"201523200","1029.9676513671875","1029.9676513671875","1029.9676513671875"
"201932800","1068.7943115234375","1068.7943115234375","1068.7943115234375"
"202342400","978.3363037109375","978.3363037109375","978.3363037109375"
"202752000","1016.4474487304688","1016.4474487304688","1016.4474487304688"
"203161600","959.1143188476562","959.1143188476562","959.1143188476562"
"203571200","1027.2598876953125","1027.2598876953125","1027.2598876953125"
"203980800","1051.037841796875","1051.037841796875","1051.037841796875"
"204390400","972.800537109375","972.800537109375","972.800537109375"
"204800000","1031.177978515625","1031.177978515625","1031.177978515625"
"205209600","964.085205078125","964.085205078125","964.085205078125"
"205619200","1035.8182373046875","1035.8182373046875","1035.8182373046875"
"206028800","1035.6865234375","1035.6865234375","1035.6865234375"
"206438400","998.1284790039062","998.1284790039062","998.1284790039062"
"206848000","1008.4874877929688","1008.4874877929688","1008.4874877929688"
"207257600","967.888671875","967.888671875","967.888671875"
"207667200","1047.0501708984375","1047.0501708984375","1047.0501708984375"
"208076800","1023.7227783203125","1023.7227783203125","1023.7227783203125"
"208486400","985.7571411132812","985.7571411132812","985.7571411132812"
"208896000","997.3308715820312","997.3308715820312","997.3308715820312"
"209305600","995.8023071289062","995.8023071289062","995.8023071289062"
"209715200","1039.9459228515625","1039.9459228515625","1039.9459228515625"
"210124800","1036.6339111328125","1036.6339111328125","1036.6339111328125"
"210534400","977.4951171875","977.4951171875","977.4951171875"
"210944000","988.374267578125","988.374267578125","988.374267578125"
"211353600","1023.8175048828125","1023.8175048828125","1023.8175048828125"
"211763200","1038.291259765625","1038.291259765625","1038.291259765625"
"212172800","1010.7301635742188","1010.7301635742188","1010.7301635742188"
"212582400","977.150634765625","977.150634765625","977.150634765625"
"212992000","1002.655517578125","1002.655517578125","1002.655517578125"
"213401600","1033.5167236328125","1033.5167236328125","1033.5167236328125"
"213811200","1048.8265380859375","1048.8265380859375","1048.8265380859375"
"214220800","994.0101318359375","994.0101318359375","994.0101318359375"
"214630400","982.0661010742188","982.0661010742188","982.0661010742188"
"215040000","1030.168701171875","1030.168701171875","1030.168701171875"
"215449600","1000.8660888671875","1000.8660888671875","1000.8660888671875"
"215859200","1053.6309814453125","1053.6309814453125","1053.6309814453125"
"216268800","1000.7593383789062","1000.7593383789062","1000.7593383789062"
"216678400","1002.2297973632812","1002.2297973632812","1002.2297973632812"
"217088000","1020.4094848632812","1020.4094848632812","1020.4094848632812"
"217497600","1000.6553344726562","1000.6553344726562","1000.6553344726562"
"217907200","1039.4600830078125","1039.4600830078125","1039.4600830078125"
"218316800","984.2874145507812","984.2874145507812","984.2874145507812"
"218726400","1000.0703735351562","1000.0703735351562","1000.0703735351562"
"219136000","1043.7037353515625","1043.7037353515625","1043.7037353515625"
"219545600","1015.5650634765625","1015.5650634765625","1015.5650634765625"
"219955200","1044.3885498046875","1044.3885498046875","1044.3885498046875"
"220364800","991.9723510742188","991.9723510742188","991.9723510742188"
"220774400","996.7438354492188","996.7438354492188","996.7438354492188"
"221184000","1032.2108154296875","1032.2108154296875","1032.2108154296875"
"221593600","1023.4500732421875","1023.4500732421875","1023.4500732421875"
"222003200","1013.5110473632812","1013.5110473632812","1013.5110473632812"
"222412800","1006.6560668945312","1006.6560668945312","1006.6560668945312"
"222822400","995.46240234375","995.46240234375","995.46240234375"
"223232000","1031.4892578125","1031.4892578125","1031.4892578125"
"223641600","1023.4679565429688","1023.4679565429688","1023.4679565429688"
"224051200","1003.6782836914062","1003.6782836914062","1003.6782836914062"
"224460800","1001.0750122070312","1001.0750122070312","1001.0750122070312"
"224870400","990.0104370117188","990.0104370117188","990.0104370117188"
"225280000","1035.0296630859375","1035.0296630859375","1035.0296630859375"
"225689600","1027.166015625","1027.166015625","1027.166015625"
"226099200","978.9100952148438","978.9100952148438","978.9100952148438"
"226508800","1005.5570678710938","1005.5570678710938","1005.5570678710938"
"226918400","1012.603759765625","1012.603759765625","1012.603759765625"
"227328000","1020.1717529296875","1020.1717529296875","1020.1717529296875"
"227737600","1025.3326416015625","1025.3326416015625","1025.3326416015625"
"228147200","1010.066162109375","1010.066162109375","1010.066162109375"
"228556800","1009.1174926757812","1009.1174926757812","1009.1174926757812"
"228966400","1012.8688354492188","1012.8688354492188","1012.8688354492188"
"229376000","1018.1483154296875","1018.1483154296875","1018.1483154296875"
"229785600","1029.904541015625","1029.904541015625","1029.904541015625"
"230195200","1007.662353515625","1007.662353515625","1007.662353515625"
"230604800","1011.6119995117188","1011.6119995117188","1011.6119995117188"
"231014400","1006.9611206054688","1006.9611206054688","1006.9611206054688"
"231424000","988.935546875","988.935546875","988.935546875"
"231833600","1042.098876953125","1042.098876953125","1042.098876953125"
"232243200","998.5916137695312","998.5916137695312","998.5916137695312"
"232652800","1028.671142578125","1028.671142578125","1028.671142578125"
"233062400","1006.3587646484375","1006.3587646484375","1006.3587646484375"
"233472000","985.857666015625","985.857666015625","985.857666015625"
"233881600","1028.3935546875","1028.3935546875","1028.3935546875"
"234291200","1015.7221069335938","1015.7221069335938","1015.7221069335938"
"234700800","1030.057373046875","1030.057373046875","1030.057373046875"
"235110400","1005.1530151367188","1005.1530151367188","1005.1530151367188"
"235520000","977.8929443359375","977.8929443359375","977.8929443359375"
"235929600","1024.07470703125","1024.07470703125","1024.07470703125"
"236339200","1033.6053466796875","1033.6053466796875","1033.6053466796875"
"236748800","1024.6663818359375","1024.6663818359375","1024.6663818359375"
"237158400","987.5321044921875","987.5321044921875","987.5321044921875"
"237568000","1001.0518798828125","1001.0518798828125","1001.0518798828125"
"237977600","1039.9278564453125","1039.9278564453125","1039.9278564453125"
"238387200","1010.2122802734375","1010.2122802734375","1010.2122802734375"
"238796800","1050.2230224609375","1050.2230224609375","1050.2230224609375"
"239206400","998.7122192382812","998.7122192382812","998.7122192382812"
"239616000","984.871337890625","984.871337890625","984.871337890625"
"240025600","1034.6611328125","1034.6611328125","1034.6611328125"
"240435200","1010.1737670898438","1010.1737670898438","1010.1737670898438"
"240844800","1034.2655029296875","1034.2655029296875","1034.2655029296875"
"241254400","997.0619506835938","997.0619506835938","997.0619506835938"
"241664000","994.2686157226562","994.2686157226562","994.2686157226562"
"242073600","1032.1806640625","1032.1806640625","1032.1806640625"
"242483200","1037.7001953125","1037.7001953125","1037.7001953125"
"242892800","1023.5042724609375","1023.5042724609375","1023.5042724609375"
"243302400","963.6847534179688","963.6847534179688","963.6847534179688"
"243712000","986.0015258789062","986.0015258789062","986.0015258789062"
"244121600","1025.7327880859375","1025.7327880859375","1025.7327880859375"
"244531200","1040.7120361328125","1040.7120361328125","1040.7120361328125"
"244940800","1010.3162231445312","1010.3162231445312","1010.3162231445312"
"245350400","1010.5067749023438","1010.5067749023438","1010.5067749023438"
"245760000","995.465087890625","995.465087890625","995.465087890625"
"246169600","1032.396728515625","1032.396728515625","1032.396728515625"
"246579200","1036.8984375","1036.8984375","1036.8984375"
"246988800","1004.9345703125","1004.9345703125","1004.9345703125"
"247398400","1007.4078979492188","1007.4078979492188","1007.4078979492188"
"247808000","990.7199096679688","990.7199096679688","990.7199096679688"
"248217600","1020.324951171875","1020.324951171875","1020.324951171875"
"248627200","1032.9345703125","1032.9345703125","1032.9345703125"
"249036800","1016.2973022460938","1016.2973022460938","1016.2973022460938"
"249446400","992.4557495117188","992.4557495117188","992.4557495117188"
"249856000","1028.823974609375","1028.823974609375","1028.823974609375"
"250265600","1023.6436767578125","1023.6436767578125","1023.6436767578125"
"250675200","1017.3919067382812","1017.3919067382812","1017.3919067382812"
"251084800","1021.82470703125","1021.82470703125","1021.82470703125"
"251494400","987.1043090820312","987.1043090820312","987.1043090820312"
"251904000","1014.8678588867188","1014.8678588867188","1014.8678588867188"
"252313600","1027.4766845703125","1027.4766845703125","1027.4766845703125"
"252723200","1031.7330322265625","1031.7330322265625","1031.7330322265625"
"253132800","1034.53515625","1034.53515625","1034.53515625"
"253542400","1013.4835205078125","1013.4835205078125","1013.4835205078125"
"253952000","985.9727172851562","985.9727172851562","985.9727172851562"
"254361600","1013.0919799804688","1013.0919799804688","1013.0919799804688"
"254771200","1031.4874267578125","1031.4874267578125","1031.4874267578125"
"255180800","1038.607666015625","1038.607666015625","1038.607666015625"
"255590400","987.3399047851562","987.3399047851562","987.3399047851562"
"256000000","1005.4722290039062","1005.4722290039062","1005.4722290039062"
"256409600","1014.8079833984375","1014.8079833984375","1014.8079833984375"
"256819200","1039.2760009765625","1039.2760009765625","1039.2760009765625"
"257228800","1019.2623901367188","1019.2623901367188","1019.2623901367188"
"257638400","985.2349853515625","985.2349853515625","985.2349853515625"
"258048000","1014.7973022460938","1014.7973022460938","1014.7973022460938"
"258457600","1007.1619873046875","1007.1619873046875","1007.1619873046875"
"258867200","1062.8646240234375","1062.8646240234375","1062.8646240234375"
"259276800","1030.2564697265625","1030.2564697265625","1030.2564697265625"
"259686400","989.7545776367188","989.7545776367188","989.7545776367188"
"260096000","998.6092529296875","998.6092529296875","998.6092529296875"
"260505600","1012.9698486328125","1012.9698486328125","1012.9698486328125"
"260915200","1057.781494140625","1057.781494140625","1057.781494140625"
"261324800","1014.6505126953125","1014.6505126953125","1014.6505126953125"
"261734400","986.1934814453125","986.1934814453125","986.1934814453125"
"262144000","1005.7138061523438","1005.7138061523438","1005.7138061523438"
"262553600","1006.0511474609375","1006.0511474609375","1006.0511474609375"
"262963200","1051.5537109375","1051.5537109375","1051.5537109375"
"263372800","1017.6224975585938","1017.6224975585938","1017.6224975585938"
"263782400","967.0450439453125","967.0450439453125","967.0450439453125"
"264192000","1026.826416015625","1026.826416015625","1026.826416015625"
"264601600","1008.1351928710938","1008.1351928710938","1008.1351928710938"
"265011200","1048.04931640625","1048.04931640625","1048.04931640625"
"265420800","1019.2864379882812","1019.2864379882812","1019.2864379882812"
"265830400","991.7108154296875","991.7108154296875","991.7108154296875"
"266240000","1018.2069702148438","1018.2069702148438","1018.2069702148438"
"266649600","1000.9813232421875","1000.9813232421875","1000.9813232421875"
"267059200","1014.0867919921875","1014.0867919921875","1014.0867919921875"
"267468800","1034.2740478515625","1034.2740478515625","1034.2740478515625"
"267878400","1001.3560791015625","1001.3560791015625","1001.3560791015625"
"268288000","1020.0777587890625","1020.0777587890625","1020.0777587890625"
"268697600","989.5402221679688","989.5402221679688","989.5402221679688"
"269107200","1039.602294921875","1039.602294921875","1039.602294921875"
"269516800","1024.188720703125","1024.188720703125","1024.188720703125"
"269926400","990.036865234375","990.036865234375","990.036865234375"
"270336000","1012.6355590820312","1012.6355590820312","1012.6355590820312"
"270745600","1007.1495971679688","1007.1495971679688","1007.1495971679688"
"271155200","1038.50830078125","1038.50830078125","1038.50830078125"
"271564800","1037.083984375","1037.083984375","1037.083984375"
"271974400","960.7185668945312","960.7185668945312","960.7185668945312"
"272384000","1034.72509765625","1034.72509765625","1034.72509765625"
"272793600","992.6716918945312","992.6716918945312","992.6716918945312"
"273203200","1048.2779541015625","1048.2779541015625","1048.2779541015625"
"273612800","1037.7930908203125","1037.7930908203125","1037.7930908203125"
"274022400","957.130126953125","957.130126953125","957.130126953125"
"274432000","1027.105224609375","1027.105224609375","1027.105224609375"
"274841600","991.1994018554688","991.1994018554688","991.1994018554688"
"275251200","1050.50634765625","1050.50634765625","1050.50634765625"
"275660800","997.5252075195312","997.5252075195312","997.5252075195312"
"276070400","978.5634765625","978.5634765625","978.5634765625"
"276480000","1060.6134033203125","1060.6134033203125","1060.6134033203125"
"276889600","986.3923950195312","986.3923950195312","986.3923950195312"
"277299200","1038.1964111328125","1038.1964111328125","1038.1964111328125"
"277708800","977.3231201171875","977.3231201171875","977.3231201171875"
"278118400","961.36474609375","961.36474609375","961.36474609375"
"278528000","1062.027099609375","1062.027099609375","1062.027099609375"
"278937600","1001.0436401367188","1001.0436401367188","1001.0436401367188"
"279347200","1073.865234375","1073.865234375","1073.865234375"
"279756800","985.1476440429688","985.1476440429688","985.1476440429688"
"280166400","991.5418701171875","991.5418701171875","991.5418701171875"
"280576000","1042.56787109375","1042.56787109375","1042.56787109375"
"280985600","986.8892211914062","986.8892211914062","986.8892211914062"
"281395200","1053.986083984375","1053.986083984375","1053.986083984375"
"281804800","970.9089965820312","970.9089965820312","970.9089965820312"
"282214400","1004.0675659179688","1004.0675659179688","1004.0675659179688"
"282624000","1046.376953125","1046.376953125","1046.376953125"
"283033600","968.8397827148438","968.8397827148438","968.8397827148438"
"283443200","1055.8515625","1055.8515625","1055.8515625"
"283852800","982.568115234375","982.568115234375","982.568115234375"
"284262400","990.6245727539062","990.6245727539062","990.6245727539062"
"284672000","1052.000244140625","1052.000244140625","1052.000244140625"
"285081600","959.3446655273438","959.3446655273438","959.3446655273438"
"285491200","1061.3505859375","1061.3505859375","1061.3505859375"
"285900800","988.7430419921875","988.7430419921875","988.7430419921875"
"286310400","995.93896484375","995.93896484375","995.93896484375"
"286720000","1069.5938720703125","1069.5938720703125","1069.5938720703125"
"287129600","959.9425659179688","959.9425659179688","959.9425659179688"
"287539200","1050.7926025390625","1050.7926025390625","1050.7926025390625"
"287948800","1001.7161865234375","1001.7161865234375","1001.7161865234375"
"288358400","999.9326782226562","999.9326782226562","999.9326782226562"
"288768000","1036.39453125","1036.39453125","1036.39453125"
"289177600","971.4619750976562","971.4619750976562","971.4619750976562"
"289587200","1057.3404541015625","1057.3404541015625","1057.3404541015625"
"289996800","998.8488159179688","998.8488159179688","998.8488159179688"
"290406400","995.4677124023438","995.4677124023438","995.4677124023438"
"290816000","1042.4727783203125","1042.4727783203125","1042.4727783203125"
"291225600","981.9090576171875","981.9090576171875","981.9090576171875"
"291635200","1060.0833740234375","1060.0833740234375","1060.0833740234375"
"292044800","978.2251586914062","978.2251586914062","978.2251586914062"
"292454400","1000.31689453125","1000.31689453125","1000.31689453125"
"292864000","1033.6552734375","1033.6552734375","1033.6552734375"
"293273600","963.7919311523438","963.7919311523438","963.7919311523438"
"293683200","1068.006591796875","1068.006591796875","1068.006591796875"
"294092800","984.5682983398438","984.5682983398438","984.5682983398438"
"294502400","1007.9656372070312","1007.9656372070312","1007.9656372070312"
"294912000","1022.0012817382812","1022.0012817382812","1022.0012817382812"
"295321600","974.9312133789062","974.9312133789062","974.9312133789062"
"295731200","1049.554931640625","1049.554931640625","1049.554931640625"
"296140800","1008.1812744140625","1008.1812744140625","1008.1812744140625"
"296550400","995.0864868164062","995.0864868164062","995.0864868164062"
"296960000","1012.3394775390625","1012.3394775390625","1012.3394775390625"
"297369600","1010.3290405273438","1010.3290405273438","1010.3290405273438"
"297779200","1014.8900146484375","1014.8900146484375","1014.8900146484375"
"298188800","1012.84326171875","1012.84326171875","1012.84326171875"
"298598400","1010.9583129882812","1010.9583129882812","1010.9583129882812"
"299008000","1015.6688842773438","1015.6688842773438","1015.6688842773438"
"299417600","1020.5363159179688","1020.5363159179688","1020.5363159179688"
"299827200","1003.9705810546875","1003.9705810546875","1003.9705810546875"
"300236800","988.7626953125","988.7626953125","988.7626953125"