"Step","faithful-sunset-317 - Mean Episode Length","faithful-sunset-317 - Mean Episode Length__MIN","faithful-sunset-317 - Mean Episode Length__MAX"
"819200","32.993812561035156","32.993812561035156","32.993812561035156"
"1228800","37.2750129699707","37.2750129699707","37.2750129699707"
"1638400","41.01004409790039","41.01004409790039","41.01004409790039"
"2048000","46.68598937988281","46.68598937988281","46.68598937988281"
"2457600","53.61555099487305","53.61555099487305","53.61555099487305"
"2867200","63.37043762207031","63.37043762207031","63.37043762207031"
"3276800","77.50072479248047","77.50072479248047","77.50072479248047"
"3686400","99.78560638427734","99.78560638427734","99.78560638427734"
"4096000","133.84756469726562","133.84756469726562","133.84756469726562"
"4505600","176.20985412597656","176.20985412597656","176.20985412597656"
"4915200","252.20326232910156","252.20326232910156","252.20326232910156"
"5324800","333.9231872558594","333.9231872558594","333.9231872558594"
"5734400","490.95654296875","490.95654296875","490.95654296875"
"6144000","688.9532470703125","688.9532470703125","688.9532470703125"
"6553600","835.0607299804688","835.0607299804688","835.0607299804688"
"6963200","886.0391235351562","886.0391235351562","886.0391235351562"
"7372800","891.3253173828125","891.3253173828125","891.3253173828125"
"7782400","889.2882690429688","889.2882690429688","889.2882690429688"
"8192000","900.0472412109375","900.0472412109375","900.0472412109375"
"8601600","913.80126953125","913.80126953125","913.80126953125"
"9011200","930.1100463867188","930.1100463867188","930.1100463867188"
"9420800","904.8530883789062","904.8530883789062","904.8530883789062"
"9830400","905.2860717773438","905.2860717773438","905.2860717773438"
"10240000","920.0703735351562","920.0703735351562","920.0703735351562"
"10649600","938.0427856445312","938.0427856445312","938.0427856445312"
"11059200","920.18798828125","920.18798828125","920.18798828125"
"11468800","911.766845703125","911.766845703125","911.766845703125"
"11878400","660.1357421875","660.1357421875","660.1357421875"
"12288000","614.7745971679688","614.7745971679688","614.7745971679688"
"12697600","644.8135375976562","644.8135375976562","644.8135375976562"
"13107200","656.083251953125","656.083251953125","656.083251953125"
"13516800","643.7181396484375","643.7181396484375","643.7181396484375"
"13926400","626.2039184570312","626.2039184570312","626.2039184570312"
"14336000","601.0145874023438","601.0145874023438","601.0145874023438"
"14745600","642.4544067382812","642.4544067382812","642.4544067382812"
"15155200","657.2719116210938","657.2719116210938","657.2719116210938"
"15564800","642.563720703125","642.563720703125","642.563720703125"
"15974400","611.6317749023438","611.6317749023438","611.6317749023438"
"16384000","622.47705078125","622.47705078125","622.47705078125"
"16793600","635.3338623046875","635.3338623046875","635.3338623046875"
"17203200","663.8462524414062","663.8462524414062","663.8462524414062"
"17612800","631.7229614257812","631.7229614257812","631.7229614257812"
"18022400","621.07666015625","621.07666015625","621.07666015625"
"18432000","631.8384399414062","631.8384399414062","631.8384399414062"
"18841600","622.6605224609375","622.6605224609375","622.6605224609375"
"19251200","659.81494140625","659.81494140625","659.81494140625"
"19660800","652.0849609375","652.0849609375","652.0849609375"
"20070400","604.083740234375","604.083740234375","604.083740234375"
"20480000","616.3751831054688","616.3751831054688","616.3751831054688"
"20889600","636.0289306640625","636.0289306640625","636.0289306640625"
"21299200","657.3156127929688","657.3156127929688","657.3156127929688"
"21708800","630.023681640625","630.023681640625","630.023681640625"
"22118400","619.0779418945312","619.0779418945312","619.0779418945312"
"22528000","608.9170532226562","608.9170532226562","608.9170532226562"
"22937600","545.397705078125","545.397705078125","545.397705078125"
"23347200","518.7314453125","518.7314453125","518.7314453125"
"23756800","468.6153869628906","468.6153869628906","468.6153869628906"
"24166400","467.9530334472656","467.9530334472656","467.9530334472656"
"24576000","471.9272766113281","471.9272766113281","471.9272766113281"
"24985600","493.640869140625","493.640869140625","493.640869140625"
"25395200","501.1080017089844","501.1080017089844","501.1080017089844"
"25804800","475.8484802246094","475.8484802246094","475.8484802246094"
"26214400","467.8323059082031","467.8323059082031","467.8323059082031"
"26624000","474.434326171875","474.434326171875","474.434326171875"
"27033600","496.3104553222656","496.3104553222656","496.3104553222656"
"27443200","501.4352111816406","501.4352111816406","501.4352111816406"
"27852800","466.221923828125","466.221923828125","466.221923828125"
"28262400","471.3023681640625","471.3023681640625","471.3023681640625"
"28672000","485.0129699707031","485.0129699707031","485.0129699707031"
"29081600","502.33636474609375","502.33636474609375","502.33636474609375"
"29491200","497.9977111816406","497.9977111816406","497.9977111816406"
"29900800","463.1894226074219","463.1894226074219","463.1894226074219"
"30310400","463.6670837402344","463.6670837402344","463.6670837402344"
"30720000","482.6004638671875","482.6004638671875","482.6004638671875"
"31129600","498.4193115234375","498.4193115234375","498.4193115234375"
"31539200","502.713134765625","502.713134765625","502.713134765625"
"31948800","471.0194091796875","471.0194091796875","471.0194091796875"
"32358400","466.5060729980469","466.5060729980469","466.5060729980469"
"32768000","481.5943298339844","481.5943298339844","481.5943298339844"
"33177600","497.983154296875","497.983154296875","497.983154296875"
"33587200","488.7388610839844","488.7388610839844","488.7388610839844"
"33996800","472.8906555175781","472.8906555175781","472.8906555175781"
"34406400","471.9133605957031","471.9133605957031","471.9133605957031"
"34816000","480.02545166015625","480.02545166015625","480.02545166015625"
"35225600","503.50738525390625","503.50738525390625","503.50738525390625"
"35635200","480.01788330078125","480.01788330078125","480.01788330078125"
"36044800","470.9402160644531","470.9402160644531","470.9402160644531"
"36454400","468.2127380371094","468.2127380371094","468.2127380371094"
"36864000","492.355712890625","492.355712890625","492.355712890625"
"37273600","496.5166320800781","496.5166320800781","496.5166320800781"
"37683200","478.3870849609375","478.3870849609375","478.3870849609375"
"38092800","481.8172302246094","481.8172302246094","481.8172302246094"
"38502400","467.47882080078125","467.47882080078125","467.47882080078125"
"38912000","499.31011962890625","499.31011962890625","499.31011962890625"
"39321600","493.8273010253906","493.8273010253906","493.8273010253906"
"39731200","488.0757751464844","488.0757751464844","488.0757751464844"
"40140800","473.9072265625","473.9072265625","473.9072265625"
"40550400","466.5201110839844","466.5201110839844","466.5201110839844"
"40960000","495.2345886230469","495.2345886230469","495.2345886230469"
"41369600","492.0757751464844","492.0757751464844","492.0757751464844"
"41779200","497.7427978515625","497.7427978515625","497.7427978515625"
"42188800","467.9062805175781","467.9062805175781","467.9062805175781"
"42598400","472.2574157714844","472.2574157714844","472.2574157714844"
"43008000","483.30120849609375","483.30120849609375","483.30120849609375"
"43417600","491.50860595703125","491.50860595703125","491.50860595703125"
"43827200","497.088623046875","497.088623046875","497.088623046875"
"44236800","461.7106628417969","461.7106628417969","461.7106628417969"
"44646400","477.8522033691406","477.8522033691406","477.8522033691406"
"45056000","489.2734069824219","489.2734069824219","489.2734069824219"
"45465600","492.7523193359375","492.7523193359375","492.7523193359375"
"45875200","487.8065490722656","487.8065490722656","487.8065490722656"
"46284800","471.3123779296875","471.3123779296875","471.3123779296875"
"46694400","495.467041015625","495.467041015625","495.467041015625"
"47104000","472.2433166503906","472.2433166503906","472.2433166503906"
"47513600","489.84759521484375","489.84759521484375","489.84759521484375"
"47923200","494.822021484375","494.822021484375","494.822021484375"
"48332800","473.1829833984375","473.1829833984375","473.1829833984375"
"48742400","483.2850646972656","483.2850646972656","483.2850646972656"
"49152000","473.312744140625","473.312744140625","473.312744140625"
"49561600","482.1495361328125","482.1495361328125","482.1495361328125"
"49971200","502.6048278808594","502.6048278808594","502.6048278808594"
"50380800","480.0072326660156","480.0072326660156","480.0072326660156"
"50790400","488.3690490722656","488.3690490722656","488.3690490722656"
"51200000","474.08441162109375","474.08441162109375","474.08441162109375"
"51609600","478.03472900390625","478.03472900390625","478.03472900390625"
"52019200","499.3084716796875","499.3084716796875","499.3084716796875"
"52428800","479.7520751953125","479.7520751953125","479.7520751953125"
"52838400","476.9072570800781","476.9072570800781","476.9072570800781"
"53248000","474.8119812011719","474.8119812011719","474.8119812011719"
"53657600","482.02484130859375","482.02484130859375","482.02484130859375"
"54067200","506.2471923828125","506.2471923828125","506.2471923828125"
"54476800","476.7363586425781","476.7363586425781","476.7363586425781"
"54886400","485.1506042480469","485.1506042480469","485.1506042480469"
"55296000","474.1325378417969","474.1325378417969","474.1325378417969"
"55705600","490.4533386230469","490.4533386230469","490.4533386230469"
"56115200","506.35260009765625","506.35260009765625","506.35260009765625"
"56524800","473.6129455566406","473.6129455566406","473.6129455566406"
"56934400","474.9466552734375","474.9466552734375","474.9466552734375"
"57344000","478.4224853515625","478.4224853515625","478.4224853515625"
"57753600","485.2215576171875","485.2215576171875","485.2215576171875"
"58163200","503.9303894042969","503.9303894042969","503.9303894042969"
"58572800","486.9880065917969","486.9880065917969","486.9880065917969"
"58982400","467.5272216796875","467.5272216796875","467.5272216796875"
"59392000","491.2240295410156","491.2240295410156","491.2240295410156"
"59801600","482.93060302734375","482.93060302734375","482.93060302734375"
"60211200","506.8730163574219","506.8730163574219","506.8730163574219"
"60620800","472.0108337402344","472.0108337402344","472.0108337402344"
"61030400","462.7900390625","462.7900390625","462.7900390625"
"61440000","485.8879089355469","485.8879089355469","485.8879089355469"
"61849600","493.7607727050781","493.7607727050781","493.7607727050781"
"62259200","490.075927734375","490.075927734375","490.075927734375"
"62668800","474.8161315917969","474.8161315917969","474.8161315917969"
"63078400","465.09765625","465.09765625","465.09765625"
"63488000","490.9234619140625","490.9234619140625","490.9234619140625"
"63897600","506.4566650390625","506.4566650390625","506.4566650390625"
"64307200","481.0190734863281","481.0190734863281","481.0190734863281"
"64716800","475.0478515625","475.0478515625","475.0478515625"
"65126400","472.2193908691406","472.2193908691406","472.2193908691406"
"65536000","487.32708740234375","487.32708740234375","487.32708740234375"
"65945600","504.2335205078125","504.2335205078125","504.2335205078125"
"66355200","476.7847900390625","476.7847900390625","476.7847900390625"
"66764800","486.0321960449219","486.0321960449219","486.0321960449219"
"67174400","473.0061340332031","473.0061340332031","473.0061340332031"
"67584000","481.52044677734375","481.52044677734375","481.52044677734375"
"67993600","495.64508056640625","495.64508056640625","495.64508056640625"
"68403200","474.93359375","474.93359375","474.93359375"
"68812800","500.79296875","500.79296875","500.79296875"
"69222400","465.88677978515625","465.88677978515625","465.88677978515625"
"69632000","477.3620300292969","477.3620300292969","477.3620300292969"
"70041600","491.2281799316406","491.2281799316406","491.2281799316406"
"70451200","485.8110656738281","485.8110656738281","485.8110656738281"
"70860800","482.992919921875","482.992919921875","482.992919921875"
"71270400","468.41204833984375","468.41204833984375","468.41204833984375"
"71680000","489.2159118652344","489.2159118652344","489.2159118652344"
"72089600","488.6169738769531","488.6169738769531","488.6169738769531"
"72499200","493.4754638671875","493.4754638671875","493.4754638671875"
"72908800","480.6158447265625","480.6158447265625","480.6158447265625"
"73318400","478.3587341308594","478.3587341308594","478.3587341308594"
"73728000","483.6805725097656","483.6805725097656","483.6805725097656"
"74137600","480.0596008300781","480.0596008300781","480.0596008300781"
"74547200","499.3199462890625","499.3199462890625","499.3199462890625"
"74956800","478.42120361328125","478.42120361328125","478.42120361328125"
"75366400","481.1862487792969","481.1862487792969","481.1862487792969"
"75776000","481.5367431640625","481.5367431640625","481.5367431640625"
"76185600","476.2103576660156","476.2103576660156","476.2103576660156"
"76595200","500.81097412109375","500.81097412109375","500.81097412109375"
"77004800","477.1862487792969","477.1862487792969","477.1862487792969"
"77414400","487.4783020019531","487.4783020019531","487.4783020019531"
"77824000","480.3592834472656","480.3592834472656","480.3592834472656"
"78233600","480.6795959472656","480.6795959472656","480.6795959472656"
"78643200","488.5860290527344","488.5860290527344","488.5860290527344"
"79052800","482.6004638671875","482.6004638671875","482.6004638671875"
"79462400","488.3571472167969","488.3571472167969","488.3571472167969"
"79872000","470.27484130859375","470.27484130859375","470.27484130859375"
"80281600","482.2526550292969","482.2526550292969","482.2526550292969"
"80691200","485.2197265625","485.2197265625","485.2197265625"
"81100800","486.4977111816406","486.4977111816406","486.4977111816406"
"81510400","493.18804931640625","493.18804931640625","493.18804931640625"
"81920000","475.39251708984375","475.39251708984375","475.39251708984375"
"82329600","479.38336181640625","479.38336181640625","479.38336181640625"
"82739200","470.8044128417969","470.8044128417969","470.8044128417969"
"83148800","501.98272705078125","501.98272705078125","501.98272705078125"
"83558400","498.69940185546875","498.69940185546875","498.69940185546875"
"83968000","471.832763671875","471.832763671875","471.832763671875"
"84377600","480.58282470703125","480.58282470703125","480.58282470703125"
"84787200","476.7454833984375","476.7454833984375","476.7454833984375"
"85196800","496.193115234375","496.193115234375","496.193115234375"
"85606400","492.1441955566406","492.1441955566406","492.1441955566406"
"86016000","464.8249816894531","464.8249816894531","464.8249816894531"
"86425600","484.5471496582031","484.5471496582031","484.5471496582031"
"86835200","483.6790466308594","483.6790466308594","483.6790466308594"
"87244800","490.5783996582031","490.5783996582031","490.5783996582031"
"87654400","489.4306640625","489.4306640625","489.4306640625"
"88064000","470.9190673828125","470.9190673828125","470.9190673828125"
"88473600","497.53564453125","497.53564453125","497.53564453125"
"88883200","483.13067626953125","483.13067626953125","483.13067626953125"
"89292800","480.2140197753906","480.2140197753906","480.2140197753906"
"89702400","484.7609558105469","484.7609558105469","484.7609558105469"
"90112000","475.57281494140625","475.57281494140625","475.57281494140625"
"90521600","502.2442321777344","502.2442321777344","502.2442321777344"
"90931200","469.9395446777344","469.9395446777344","469.9395446777344"
"91340800","475.7878723144531","475.7878723144531","475.7878723144531"
"91750400","499.6482238769531","499.6482238769531","499.6482238769531"
"92160000","464.4834289550781","464.4834289550781","464.4834289550781"
"92569600","495.2318420410156","495.2318420410156","495.2318420410156"
"92979200","475.5880432128906","475.5880432128906","475.5880432128906"
"93388800","476.3139953613281","476.3139953613281","476.3139953613281"
"93798400","504.22015380859375","504.22015380859375","504.22015380859375"
"94208000","468.24853515625","468.24853515625","468.24853515625"
"94617600","485.30474853515625","485.30474853515625","485.30474853515625"
"95027200","472.6299133300781","472.6299133300781","472.6299133300781"
"95436800","498.0669860839844","498.0669860839844","498.0669860839844"
"95846400","493.18359375","493.18359375","493.18359375"
"96256000","472.43450927734375","472.43450927734375","472.43450927734375"
"96665600","487.41851806640625","487.41851806640625","487.41851806640625"
"97075200","473.7590026855469","473.7590026855469","473.7590026855469"
"97484800","494.4591369628906","494.4591369628906","494.4591369628906"
"97894400","495.73504638671875","495.73504638671875","495.73504638671875"
"98304000","461.5489196777344","461.5489196777344","461.5489196777344"
"98713600","486.2608947753906","486.2608947753906","486.2608947753906"
"99123200","485.15924072265625","485.15924072265625","485.15924072265625"
"99532800","500.7598876953125","500.7598876953125","500.7598876953125"
"99942400","490.25177001953125","490.25177001953125","490.25177001953125"
"100352000","464.60296630859375","464.60296630859375","464.60296630859375"
"100761600","473.8448486328125","473.8448486328125","473.8448486328125"
"101171200","492.8219909667969","492.8219909667969","492.8219909667969"
"101580800","486.6843566894531","486.6843566894531","486.6843566894531"
"101990400","496.40277099609375","496.40277099609375","496.40277099609375"
"102400000","472.5665588378906","472.5665588378906","472.5665588378906"
"102809600","464.525146484375","464.525146484375","464.525146484375"
"103219200","488.1009521484375","488.1009521484375","488.1009521484375"
"103628800","489.0877990722656","489.0877990722656","489.0877990722656"
"104038400","489.71014404296875","489.71014404296875","489.71014404296875"
"104448000","473.7099304199219","473.7099304199219","473.7099304199219"
"104857600","482.4532470703125","482.4532470703125","482.4532470703125"
"105267200","486.5885925292969","486.5885925292969","486.5885925292969"
"105676800","502.52996826171875","502.52996826171875","502.52996826171875"
"106086400","486.4654846191406","486.4654846191406","486.4654846191406"
"106496000","469.17596435546875","469.17596435546875","469.17596435546875"
"106905600","480.3720703125","480.3720703125","480.3720703125"
"107315200","489.3970031738281","489.3970031738281","489.3970031738281"
"107724800","490.8194580078125","490.8194580078125","490.8194580078125"
"108134400","484.24700927734375","484.24700927734375","484.24700927734375"
"108544000","473.9427490234375","473.9427490234375","473.9427490234375"
"108953600","481.6626892089844","481.6626892089844","481.6626892089844"
"109363200","487.1402282714844","487.1402282714844","487.1402282714844"
"109772800","490.9206237792969","490.9206237792969","490.9206237792969"
"110182400","480.6968078613281","480.6968078613281","480.6968078613281"
"110592000","476.0943603515625","476.0943603515625","476.0943603515625"
"111001600","481.89495849609375","481.89495849609375","481.89495849609375"
"111411200","498.2142028808594","498.2142028808594","498.2142028808594"
"111820800","485.3246154785156","485.3246154785156","485.3246154785156"
"112230400","488.4415588378906","488.4415588378906","488.4415588378906"
"112640000","495.2674255371094","495.2674255371094","495.2674255371094"
"113049600","474.3276672363281","474.3276672363281","474.3276672363281"
"113459200","492.26104736328125","492.26104736328125","492.26104736328125"
"113868800","487.005859375","487.005859375","487.005859375"
"114278400","476.7021179199219","476.7021179199219","476.7021179199219"
"114688000","482.9415588378906","482.9415588378906","482.9415588378906"
"115097600","476.54534912109375","476.54534912109375","476.54534912109375"
"115507200","490.4895324707031","490.4895324707031","490.4895324707031"
"115916800","489.2078857421875","489.2078857421875","489.2078857421875"
"116326400","479.27264404296875","479.27264404296875","479.27264404296875"
"116736000","477.31890869140625","477.31890869140625","477.31890869140625"
"117145600","475.0165710449219","475.0165710449219","475.0165710449219"
"117555200","498.08392333984375","498.08392333984375","498.08392333984375"
"117964800","489.40020751953125","489.40020751953125","489.40020751953125"
"118374400","484.03350830078125","484.03350830078125","484.03350830078125"
"118784000","470.6103820800781","470.6103820800781","470.6103820800781"
"119193600","486.9020690917969","486.9020690917969","486.9020690917969"
"119603200","488.99169921875","488.99169921875","488.99169921875"
"120012800","495.0744934082031","495.0744934082031","495.0744934082031"
"120422400","480.4867858886719","480.4867858886719","480.4867858886719"
"120832000","475.5203857421875","475.5203857421875","475.5203857421875"
"121241600","482.53375244140625","482.53375244140625","482.53375244140625"
"121651200","488.46844482421875","488.46844482421875","488.46844482421875"
"122060800","502.5401306152344","502.5401306152344","502.5401306152344"
"122470400","469.48175048828125","469.48175048828125","469.48175048828125"
"122880000","481.8598937988281","481.8598937988281","481.8598937988281"
"123289600","472.3453063964844","472.3453063964844","472.3453063964844"
"123699200","485.2127685546875","485.2127685546875","485.2127685546875"
"124108800","508.8896179199219","508.8896179199219","508.8896179199219"
"124518400","472.2560119628906","472.2560119628906","472.2560119628906"
"124928000","481.7393493652344","481.7393493652344","481.7393493652344"
"125337600","472.3352966308594","472.3352966308594","472.3352966308594"
"125747200","485.91259765625","485.91259765625","485.91259765625"
"126156800","499.77191162109375","499.77191162109375","499.77191162109375"
"126566400","471.36016845703125","471.36016845703125","471.36016845703125"
"126976000","483.98480224609375","483.98480224609375","483.98480224609375"
"127385600","481.0938720703125","481.0938720703125","481.0938720703125"
"127795200","479.4657287597656","479.4657287597656","479.4657287597656"
"128204800","502.7325744628906","502.7325744628906","502.7325744628906"
"128614400","465.35174560546875","465.35174560546875","465.35174560546875"
"129024000","491.7634582519531","491.7634582519531","491.7634582519531"
"129433600","474.1854553222656","474.1854553222656","474.1854553222656"
"129843200","481.4206848144531","481.4206848144531","481.4206848144531"
"130252800","511.53662109375","511.53662109375","511.53662109375"
"130662400","471.2211608886719","471.2211608886719","471.2211608886719"
"131072000","490.40765380859375","490.40765380859375","490.40765380859375"
"131481600","470.0335998535156","470.0335998535156","470.0335998535156"
"131891200","472.59326171875","472.59326171875","472.59326171875"
"132300800","507.51031494140625","507.51031494140625","507.51031494140625"
"132710400","472.87908935546875","472.87908935546875","472.87908935546875"
"133120000","493.64202880859375","493.64202880859375","493.64202880859375"
"133529600","479.93603515625","479.93603515625","479.93603515625"
"133939200","477.3592834472656","477.3592834472656","477.3592834472656"
"134348800","488.82440185546875","488.82440185546875","488.82440185546875"
"134758400","472.30291748046875","472.30291748046875","472.30291748046875"
"135168000","493.16998291015625","493.16998291015625","493.16998291015625"
"135577600","487.1247253417969","487.1247253417969","487.1247253417969"
"135987200","477.1177978515625","477.1177978515625","477.1177978515625"
"136396800","494.761962890625","494.761962890625","494.761962890625"
"136806400","470.4921569824219","470.4921569824219","470.4921569824219"
"137216000","486.82061767578125","486.82061767578125","486.82061767578125"
"137625600","492.21600341796875","492.21600341796875","492.21600341796875"
"138035200","476.52044677734375","476.52044677734375","476.52044677734375"
"138444800","492.9078369140625","492.9078369140625","492.9078369140625"
"138854400","473.0909118652344","473.0909118652344","473.0909118652344"
"139264000","489.585693359375","489.585693359375","489.585693359375"
"139673600","481.2882995605469","481.2882995605469","481.2882995605469"
"140083200","479.0151672363281","479.0151672363281","479.0151672363281"
"140492800","499.22869873046875","499.22869873046875","499.22869873046875"
"140902400","476.1322937011719","476.1322937011719","476.1322937011719"
"141312000","491.3789367675781","491.3789367675781","491.3789367675781"
"141721600","471.0072937011719","471.0072937011719","471.0072937011719"
"142131200","492.4046630859375","492.4046630859375","492.4046630859375"
"142540800","495.2744140625","495.2744140625","495.2744140625"
"142950400","471.1747741699219","471.1747741699219","471.1747741699219"
"143360000","494.1089172363281","494.1089172363281","494.1089172363281"
"143769600","469.3765563964844","469.3765563964844","469.3765563964844"
"144179200","493.1421813964844","493.1421813964844","493.1421813964844"
"144588800","494.0530090332031","494.0530090332031","494.0530090332031"
"144998400","463.2282409667969","463.2282409667969","463.2282409667969"
"145408000","492.91839599609375","492.91839599609375","492.91839599609375"
"145817600","464.7867736816406","464.7867736816406","464.7867736816406"
"146227200","490.6770935058594","490.6770935058594","490.6770935058594"
"146636800","488.233642578125","488.233642578125","488.233642578125"
"147046400","470.876220703125","470.876220703125","470.876220703125"
"147456000","491.35919189453125","491.35919189453125","491.35919189453125"
"147865600","460.3807067871094","460.3807067871094","460.3807067871094"
"148275200","491.5831604003906","491.5831604003906","491.5831604003906"
"148684800","500.91461181640625","500.91461181640625","500.91461181640625"
"149094400","478.6759033203125","478.6759033203125","478.6759033203125"
"149504000","490.8553161621094","490.8553161621094","490.8553161621094"
"149913600","464.99163818359375","464.99163818359375","464.99163818359375"
"150323200","488.88079833984375","488.88079833984375","488.88079833984375"
"150732800","493.3031005859375","493.3031005859375","493.3031005859375"
"151142400","459.646728515625","459.646728515625","459.646728515625"
"151552000","488.47705078125","488.47705078125","488.47705078125"
"151961600","483.6602478027344","483.6602478027344","483.6602478027344"
"152371200","492.4624938964844","492.4624938964844","492.4624938964844"
"152780800","495.1716613769531","495.1716613769531","495.1716613769531"
"153190400","464.3716125488281","464.3716125488281","464.3716125488281"
"153600000","487.3175354003906","487.3175354003906","487.3175354003906"
"154009600","474.55609130859375","474.55609130859375","474.55609130859375"
"154419200","489.285888671875","489.285888671875","489.285888671875"
"154828800","494.648193359375","494.648193359375","494.648193359375"
"155238400","457.61663818359375","457.61663818359375","457.61663818359375"
"155648000","489.6868591308594","489.6868591308594","489.6868591308594"
"156057600","488.8701171875","488.8701171875","488.8701171875"
"156467200","501.1622009277344","501.1622009277344","501.1622009277344"
"156876800","495.1045837402344","495.1045837402344","495.1045837402344"
"157286400","465.8815612792969","465.8815612792969","465.8815612792969"
"157696000","485.7154846191406","485.7154846191406","485.7154846191406"
"158105600","481.8189697265625","481.8189697265625","481.8189697265625"
"158515200","497.0563049316406","497.0563049316406","497.0563049316406"
"158924800","498.6080322265625","498.6080322265625","498.6080322265625"
"159334400","458.93524169921875","458.93524169921875","458.93524169921875"
"159744000","484.78656005859375","484.78656005859375","484.78656005859375"
"160153600","481.33294677734375","481.33294677734375","481.33294677734375"
"160563200","487.74969482421875","487.74969482421875","487.74969482421875"
"160972800","500.68890380859375","500.68890380859375","500.68890380859375"
"161382400","454.083740234375","454.083740234375","454.083740234375"
"161792000","488.5292663574219","488.5292663574219","488.5292663574219"
"162201600","478.3111877441406","478.3111877441406","478.3111877441406"
"162611200","488.6982116699219","488.6982116699219","488.6982116699219"
"163020800","512.2742919921875","512.2742919921875","512.2742919921875"
"163430400","455.24407958984375","455.24407958984375","455.24407958984375"
"163840000","491.55645751953125","491.55645751953125","491.55645751953125"
"164249600","485.14727783203125","485.14727783203125","485.14727783203125"
"164659200","486.89886474609375","486.89886474609375","486.89886474609375"
"165068800","495.6782531738281","495.6782531738281","495.6782531738281"
"165478400","466","466","466"
"165888000","486.8192443847656","486.8192443847656","486.8192443847656"
"166297600","486.764892578125","486.764892578125","486.764892578125"
"166707200","483.24102783203125","483.24102783203125","483.24102783203125"
"167116800","496.8079833984375","496.8079833984375","496.8079833984375"
"167526400","462.8037109375","462.8037109375","462.8037109375"
"167936000","485.5801086425781","485.5801086425781","485.5801086425781"
"168345600","497.2151184082031","497.2151184082031","497.2151184082031"
"168755200","474.0409240722656","474.0409240722656","474.0409240722656"
"169164800","492.3382873535156","492.3382873535156","492.3382873535156"
"169574400","468.9002380371094","468.9002380371094","468.9002380371094"
"169984000","488.2960510253906","488.2960510253906","488.2960510253906"
"170393600","493.6394348144531","493.6394348144531","493.6394348144531"
"170803200","468.5816345214844","468.5816345214844","468.5816345214844"
"171212800","498.4402160644531","498.4402160644531","498.4402160644531"
"171622400","473.3623046875","473.3623046875","473.3623046875"
"172032000","490.39007568359375","490.39007568359375","490.39007568359375"
"172441600","484.0970153808594","484.0970153808594","484.0970153808594"
"172851200","476.513427734375","476.513427734375","476.513427734375"
"173260800","496.36163330078125","496.36163330078125","496.36163330078125"
"173670400","479.343505859375","479.343505859375","479.343505859375"
"174080000","483.0472717285156","483.0472717285156","483.0472717285156"
"174489600","480.883544921875","480.883544921875","480.883544921875"
"174899200","486.6985778808594","486.6985778808594","486.6985778808594"
"175308800","495.92620849609375","495.92620849609375","495.92620849609375"
"175718400","470.0827331542969","470.0827331542969","470.0827331542969"
"176128000","482.6918640136719","482.6918640136719","482.6918640136719"
"176537600","486.0634765625","486.0634765625","486.0634765625"
"176947200","494.1139221191406","494.1139221191406","494.1139221191406"
"177356800","488.438232421875","488.438232421875","488.438232421875"
"177766400","458.6434631347656","458.6434631347656","458.6434631347656"
"178176000","485.2982177734375","485.2982177734375","485.2982177734375"
"178585600","482.1805419921875","482.1805419921875","482.1805419921875"
"178995200","506.7351989746094","506.7351989746094","506.7351989746094"
"179404800","498.72760009765625","498.72760009765625","498.72760009765625"
"179814400","461.45037841796875","461.45037841796875","461.45037841796875"
"180224000","485.2582092285156","485.2582092285156","485.2582092285156"
"180633600","476.8007507324219","476.8007507324219","476.8007507324219"
"181043200","499.75689697265625","499.75689697265625","499.75689697265625"
"181452800","490.46588134765625","490.46588134765625","490.46588134765625"
"181862400","474.7044677734375","474.7044677734375","474.7044677734375"
"182272000","488.5776062011719","488.5776062011719","488.5776062011719"
"182681600","462.6036376953125","462.6036376953125","462.6036376953125"
"183091200","493.78009033203125","493.78009033203125","493.78009033203125"
"183500800","496.0126647949219","496.0126647949219","496.0126647949219"
"183910400","467.974609375","467.974609375","467.974609375"
"184320000","487.2511901855469","487.2511901855469","487.2511901855469"
"184729600","472.8315124511719","472.8315124511719","472.8315124511719"
"185139200","491.91534423828125","491.91534423828125","491.91534423828125"
"185548800","499.06365966796875","499.06365966796875","499.06365966796875"
"185958400","467.4871520996094","467.4871520996094","467.4871520996094"
"186368000","484.3147277832031","484.3147277832031","484.3147277832031"
"186777600","477.8710021972656","477.8710021972656","477.8710021972656"
"187187200","498.2640380859375","498.2640380859375","498.2640380859375"
"187596800","493.0665588378906","493.0665588378906","493.0665588378906"
"188006400","456.93829345703125","456.93829345703125","456.93829345703125"
"188416000","493.1799011230469","493.1799011230469","493.1799011230469"
"188825600","475.3492736816406","475.3492736816406","475.3492736816406"
"189235200","504.9359130859375","504.9359130859375","504.9359130859375"
"189644800","487.2264709472656","487.2264709472656","487.2264709472656"
"190054400","465.0084228515625","465.0084228515625","465.0084228515625"
"190464000","479.76849365234375","479.76849365234375","479.76849365234375"
"190873600","479.91253662109375","479.91253662109375","479.91253662109375"
"191283200","503.6979064941406","503.6979064941406","503.6979064941406"
"191692800","498.1436767578125","498.1436767578125","498.1436767578125"
"192102400","460.3728332519531","460.3728332519531","460.3728332519531"
"192512000","478.9927673339844","478.9927673339844","478.9927673339844"
"192921600","490.2140197753906","490.2140197753906","490.2140197753906"
"193331200","493.3287048339844","493.3287048339844","493.3287048339844"
"193740800","496.3619079589844","496.3619079589844","496.3619079589844"
"194150400","462.8537902832031","462.8537902832031","462.8537902832031"
"194560000","475.1715393066406","475.1715393066406","475.1715393066406"
"194969600","485.5035400390625","485.5035400390625","485.5035400390625"
"195379200","496.6728820800781","496.6728820800781","496.6728820800781"
"195788800","497.8249816894531","497.8249816894531","497.8249816894531"
"196198400","471.00616455078125","471.00616455078125","471.00616455078125"
"196608000","472.1145935058594","472.1145935058594","472.1145935058594"
"197017600","479.849365234375","479.849365234375","479.849365234375"
"197427200","487.0636291503906","487.0636291503906","487.0636291503906"
"197836800","509.7822265625","509.7822265625","509.7822265625"
"198246400","463.60516357421875","463.60516357421875","463.60516357421875"
"198656000","483.08294677734375","483.08294677734375","483.08294677734375"
"199065600","455.7267150878906","455.7267150878906","455.7267150878906"
"199475200","505.359130859375","505.359130859375","505.359130859375"
"199884800","517.0665283203125","517.0665283203125","517.0665283203125"
"200294400","470.88653564453125","470.88653564453125","470.88653564453125"
"200704000","485.5323791503906","485.5323791503906","485.5323791503906"
"201113600","457.6363525390625","457.6363525390625","457.6363525390625"
"201523200","494.2270202636719","494.2270202636719","494.2270202636719"
"201932800","512.7360229492188","512.7360229492188","512.7360229492188"
"202342400","469.4231262207031","469.4231262207031","469.4231262207031"
"202752000","487.58392333984375","487.58392333984375","487.58392333984375"
"203161600","460.1325988769531","460.1325988769531","460.1325988769531"
"203571200","492.6773681640625","492.6773681640625","492.6773681640625"
"203980800","504.12530517578125","504.12530517578125","504.12530517578125"
"204390400","466.7333679199219","466.7333679199219","466.7333679199219"
"204800000","494.4641418457031","494.4641418457031","494.4641418457031"
"205209600","462.3627624511719","462.3627624511719","462.3627624511719"
"205619200","496.62957763671875","496.62957763671875","496.62957763671875"
"206028800","496.5361328125","496.5361328125","496.5361328125"
"206438400","478.5597229003906","478.5597229003906","478.5597229003906"
"206848000","483.4694519042969","483.4694519042969","483.4694519042969"
"207257600","464.03271484375","464.03271484375","464.03271484375"
"207667200","501.7625732421875","501.7625732421875","501.7625732421875"
"208076800","490.5664978027344","490.5664978027344","490.5664978027344"
"208486400","472.35040283203125","472.35040283203125","472.35040283203125"
"208896000","477.86883544921875","477.86883544921875","477.86883544921875"
"209305600","477.1697692871094","477.1697692871094","477.1697692871094"
"209715200","498.125732421875","498.125732421875","498.125732421875"
"210124800","496.537841796875","496.537841796875","496.537841796875"
"210534400","468.23248291015625","468.23248291015625","468.23248291015625"
"210944000","473.4340515136719","473.4340515136719","473.4340515136719"
"211353600","490.4004821777344","490.4004821777344","490.4004821777344"
"211763200","497.38116455078125","497.38116455078125","497.38116455078125"
"212172800","484.1251525878906","484.1251525878906","484.1251525878906"
"212582400","468.05029296875","468.05029296875","468.05029296875"
"212992000","480.1181945800781","480.1181945800781","480.1181945800781"
"213401600","494.96270751953125","494.96270751953125","494.96270751953125"
"213811200","502.23016357421875","502.23016357421875","502.23016357421875"
"214220800","476.07757568359375","476.07757568359375","476.07757568359375"
"214630400","470.3717041015625","470.3717041015625","470.3717041015625"
"215040000","493.1793518066406","493.1793518066406","493.1793518066406"
"215449600","479.1964416503906","479.1964416503906","479.1964416503906"
"215859200","504.371826171875","504.371826171875","504.371826171875"
"216268800","479.0134582519531","479.0134582519531","479.0134582519531"
"216678400","479.7142639160156","479.7142639160156","479.7142639160156"
"217088000","488.3709716796875","488.3709716796875","488.3709716796875"
"217497600","478.81475830078125","478.81475830078125","478.81475830078125"
"217907200","497.3768615722656","497.3768615722656","497.3768615722656"
"218316800","470.9818115234375","470.9818115234375","470.9818115234375"
"218726400","478.3997802734375","478.3997802734375","478.3997802734375"
"219136000","499.3302307128906","499.3302307128906","499.3302307128906"
"219545600","485.76611328125","485.76611328125","485.76611328125"
"219955200","499.4792785644531","499.4792785644531","499.4792785644531"
"220364800","474.5834045410156","474.5834045410156","474.5834045410156"
"220774400","476.7630615234375","476.7630615234375","476.7630615234375"
"221184000","493.6757507324219","493.6757507324219","493.6757507324219"
"221593600","489.4367370605469","489.4367370605469","489.4367370605469"
"222003200","484.6464538574219","484.6464538574219","484.6464538574219"
"222412800","481.36883544921875","481.36883544921875","481.36883544921875"
"222822400","475.9288330078125","475.9288330078125","475.9288330078125"
"223232000","493.1498107910156","493.1498107910156","493.1498107910156"
"223641600","489.1969909667969","489.1969909667969","489.1969909667969"
"224051200","479.7640686035156","479.7640686035156","479.7640686035156"
"224460800","478.86590576171875","478.86590576171875","478.86590576171875"
"224870400","473.2270202636719","473.2270202636719","473.2270202636719"
"225280000","494.666259765625","494.666259765625","494.666259765625"
"225689600","490.9239807128906","490.9239807128906","490.9239807128906"
"226099200","467.8940734863281","467.8940734863281","467.8940734863281"
"226508800","480.50531005859375","480.50531005859375","480.50531005859375"
"226918400","483.8229064941406","483.8229064941406","483.8229064941406"
"227328000","487.4876403808594","487.4876403808594","487.4876403808594"
"227737600","489.91204833984375","489.91204833984375","489.91204833984375"
"228147200","482.5666198730469","482.5666198730469","482.5666198730469"
"228556800","482.0773620605469","482.0773620605469","482.0773620605469"
"228966400","483.7624816894531","483.7624816894531","483.7624816894531"
"229376000","486.24407958984375","486.24407958984375","486.24407958984375"
"229785600","491.9029846191406","491.9029846191406","491.9029846191406"
"230195200","481.2685241699219","481.2685241699219","481.2685241699219"
"230604800","483.1214904785156","483.1214904785156","483.1214904785156"
"231014400","480.8457946777344","480.8457946777344","480.8457946777344"
"231424000","472.204345703125","472.204345703125","472.204345703125"
"231833600","497.5072937011719","497.5072937011719","497.5072937011719"
"232243200","476.7381286621094","476.7381286621094","476.7381286621094"
"232652800","491.1226501464844","491.1226501464844","491.1226501464844"
"233062400","480.5114440917969","480.5114440917969","480.5114440917969"
"233472000","470.6925964355469","470.6925964355469","470.6925964355469"
"233881600","490.8722229003906","490.8722229003906","490.8722229003906"
"234291200","484.8387756347656","484.8387756347656","484.8387756347656"
"234700800","491.6853332519531","491.6853332519531","491.6853332519531"
"235110400","479.7934875488281","479.7934875488281","479.7934875488281"
"235520000","466.8028869628906","466.8028869628906","466.8028869628906"
"235929600","488.8009033203125","488.8009033203125","488.8009033203125"
"236339200","493.3023681640625","493.3023681640625","493.3023681640625"
"236748800","489.1102294921875","489.1102294921875","489.1102294921875"
"237158400","471.45025634765625","471.45025634765625","471.45025634765625"
"237568000","477.7645568847656","477.7645568847656","477.7645568847656"
"237977600","496.1788635253906","496.1788635253906","496.1788635253906"
"238387200","482.0060119628906","482.0060119628906","482.0060119628906"
"238796800","501.0171813964844","501.0171813964844","501.0171813964844"
"239206400","476.4533386230469","476.4533386230469","476.4533386230469"
"239616000","469.86431884765625","469.86431884765625","469.86431884765625"
"240025600","493.53070068359375","493.53070068359375","493.53070068359375"
"240435200","481.8251953125","481.8251953125","481.8251953125"
"240844800","493.2212829589844","493.2212829589844","493.2212829589844"
"241254400","475.5798034667969","475.5798034667969","475.5798034667969"
"241664000","474.1739196777344","474.1739196777344","474.1739196777344"
"242073600","492.2816162109375","492.2816162109375","492.2816162109375"
"242483200","494.8335266113281","494.8335266113281","494.8335266113281"
"242892800","488.04840087890625","488.04840087890625","488.04840087890625"
"243302400","460.0457458496094","460.0457458496094","460.0457458496094"
"243712000","470.2539367675781","470.2539367675781","470.2539367675781"
"244121600","489.0709228515625","489.0709228515625","489.0709228515625"
"244531200","496.2632141113281","496.2632141113281","496.2632141113281"
"244940800","481.7358093261719","481.7358093261719","481.7358093261719"
"245350400","481.843505859375","481.843505859375","481.843505859375"
"245760000","474.69696044921875","474.69696044921875","474.69696044921875"
"246169600","492.2047424316406","492.2047424316406","492.2047424316406"
"246579200","494.2807922363281","494.2807922363281","494.2807922363281"
"246988800","479.10693359375","479.10693359375","479.10693359375"
"247398400","480.4366455078125","480.4366455078125","480.4366455078125"
"247808000","472.2619323730469","472.2619323730469","472.2619323730469"
"248217600","486.4028015136719","486.4028015136719","486.4028015136719"
"248627200","492.3643798828125","492.3643798828125","492.3643798828125"
"249036800","484.54931640625","484.54931640625","484.54931640625"
"249446400","473.2402038574219","473.2402038574219","473.2402038574219"
"249856000","491.09881591796875","491.09881591796875","491.09881591796875"
"250265600","488.1025390625","488.1025390625","488.1025390625"
"250675200","485.0663757324219","485.0663757324219","485.0663757324219"
"251084800","487.1684265136719","487.1684265136719","487.1684265136719"
"251494400","470.7046203613281","470.7046203613281","470.7046203613281"
"251904000","484.09466552734375","484.09466552734375","484.09466552734375"
"252313600","489.9120178222656","489.9120178222656","489.9120178222656"
"252723200","491.96893310546875","491.96893310546875","491.96893310546875"
"253132800","493.29803466796875","493.29803466796875","493.29803466796875"
"253542400","483.1954650878906","483.1954650878906","483.1954650878906"
"253952000","470.1579895019531","470.1579895019531","470.1579895019531"
"254361600","483.3473815917969","483.3473815917969","483.3473815917969"
"254771200","491.8929443359375","491.8929443359375","491.8929443359375"
"255180800","495.2433166503906","495.2433166503906","495.2433166503906"
"255590400","470.85955810546875","470.85955810546875","470.85955810546875"
"256000000","479.44244384765625","479.44244384765625","479.44244384765625"
"256409600","483.9295959472656","483.9295959472656","483.9295959472656"
"256819200","495.62115478515625","495.62115478515625","495.62115478515625"
"257228800","486.10003662109375","486.10003662109375","486.10003662109375"
"257638400","469.86700439453125","469.86700439453125","469.86700439453125"
"258048000","484.3244323730469","484.3244323730469","484.3244323730469"
"258457600","480.40240478515625","480.40240478515625","480.40240478515625"
"258867200","506.9361267089844","506.9361267089844","506.9361267089844"
"259276800","491.36309814453125","491.36309814453125","491.36309814453125"
"259686400","472.0304870605469","472.0304870605469","472.0304870605469"
"260096000","476.2388610839844","476.2388610839844","476.2388610839844"
"260505600","483.0826416015625","483.0826416015625","483.0826416015625"
"260915200","504.376708984375","504.376708984375","504.376708984375"
"261324800","483.8014221191406","483.8014221191406","483.8014221191406"
"261734400","470.2987976074219","470.2987976074219","470.2987976074219"
"262144000","479.5229797363281","479.5229797363281","479.5229797363281"
"262553600","479.7234191894531","479.7234191894531","479.7234191894531"
"262963200","501.3840637207031","501.3840637207031","501.3840637207031"
"263372800","485.17181396484375","485.17181396484375","485.17181396484375"
"263782400","461.0734558105469","461.0734558105469","461.0734558105469"
"264192000","489.4173278808594","489.4173278808594","489.4173278808594"
"264601600","480.5005798339844","480.5005798339844","480.5005798339844"
"265011200","499.7828063964844","499.7828063964844","499.7828063964844"
"265420800","485.84808349609375","485.84808349609375","485.84808349609375"
"265830400","472.7704162597656","472.7704162597656","472.7704162597656"
"266240000","485.3597412109375","485.3597412109375","485.3597412109375"
"266649600","477.2117919921875","477.2117919921875","477.2117919921875"
"267059200","483.4700927734375","483.4700927734375","483.4700927734375"
"267468800","493.04766845703125","493.04766845703125","493.04766845703125"
"267878400","478.1299743652344","478.1299743652344","478.1299743652344"
"268288000","486.40679931640625","486.40679931640625","486.40679931640625"
"268697600","472.33575439453125","472.33575439453125","472.33575439453125"
"269107200","495.7827453613281","495.7827453613281","495.7827453613281"
"269516800","488.4870910644531","488.4870910644531","488.4870910644531"
"269926400","472.9620361328125","472.9620361328125","472.9620361328125"
"270336000","483.15850830078125","483.15850830078125","483.15850830078125"
"270745600","480.54522705078125","480.54522705078125","480.54522705078125"
"271155200","495.3972473144531","495.3972473144531","495.3972473144531"
"271564800","494.7005920410156","494.7005920410156","494.7005920410156"
"271974400","458.46258544921875","458.46258544921875","458.46258544921875"
"272384000","493.6979064941406","493.6979064941406","493.6979064941406"
"272793600","473.7012023925781","473.7012023925781","473.7012023925781"
"273203200","500.1595764160156","500.1595764160156","500.1595764160156"
"273612800","495.1997375488281","495.1997375488281","495.1997375488281"
"274022400","456.8612365722656","456.8612365722656","456.8612365722656"
"274432000","490.2273864746094","490.2273864746094","490.2273864746094"
"274841600","473.1414794921875","473.1414794921875","473.1414794921875"
"275251200","501.301025390625","501.301025390625","501.301025390625"
"275660800","476.1058349609375","476.1058349609375","476.1058349609375"
"276070400","467.4000244140625","467.4000244140625","467.4000244140625"
"276480000","506.21319580078125","506.21319580078125","506.21319580078125"
"276889600","470.91595458984375","470.91595458984375","470.91595458984375"
"277299200","495.7062072753906","495.7062072753906","495.7062072753906"
"277708800","466.6046142578125","466.6046142578125","466.6046142578125"
"278118400","458.929443359375","458.929443359375","458.929443359375"
"278528000","506.910888671875","506.910888671875","506.910888671875"
"278937600","477.9263916015625","477.9263916015625","477.9263916015625"
"279347200","512.4971923828125","512.4971923828125","512.4971923828125"
"279756800","470.5674133300781","470.5674133300781","470.5674133300781"
"280166400","473.35400390625","473.35400390625","473.35400390625"
"280576000","497.6204528808594","497.6204528808594","497.6204528808594"
"280985600","471.10455322265625","471.10455322265625","471.10455322265625"
"281395200","503.07318115234375","503.07318115234375","503.07318115234375"
"281804800","463.9085388183594","463.9085388183594","463.9085388183594"
"282214400","479.35052490234375","479.35052490234375","479.35052490234375"
"282624000","499.49774169921875","499.49774169921875","499.49774169921875"
"283033600","462.581787109375","462.581787109375","462.581787109375"
"283443200","504.00677490234375","504.00677490234375","504.00677490234375"
"283852800","469.1954040527344","469.1954040527344","469.1954040527344"
"284262400","473.0420837402344","473.0420837402344","473.0420837402344"
"284672000","502.6011047363281","502.6011047363281","502.6011047363281"
"285081600","458.1784362792969","458.1784362792969","458.1784362792969"
"285491200","506.8651428222656","506.8651428222656","506.8651428222656"
"285900800","472.1919860839844","472.1919860839844","472.1919860839844"
"286310400","475.6336669921875","475.6336669921875","475.6336669921875"
"286720000","510.6349182128906","510.6349182128906","510.6349182128906"
"287129600","458.412353515625","458.412353515625","458.412353515625"
"287539200","501.71624755859375","501.71624755859375","501.71624755859375"
"287948800","478.27490234375","478.27490234375","478.27490234375"
"288358400","477.4012145996094","477.4012145996094","477.4012145996094"
"288768000","494.7257995605469","494.7257995605469","494.7257995605469"
"289177600","463.8991394042969","463.8991394042969","463.8991394042969"
"289587200","504.90301513671875","504.90301513671875","504.90301513671875"
"289996800","476.9744567871094","476.9744567871094","476.9744567871094"
"290406400","475.4385681152344","475.4385681152344","475.4385681152344"
"290816000","497.8510437011719","497.8510437011719","497.8510437011719"
"291225600","468.9185485839844","468.9185485839844","468.9185485839844"
"291635200","506.30523681640625","506.30523681640625","506.30523681640625"
"292044800","467.54754638671875","467.54754638671875","467.54754638671875"
"292454400","477.78497314453125","477.78497314453125","477.78497314453125"
"292864000","493.6302795410156","493.6302795410156","493.6302795410156"
"293273600","460.3949279785156","460.3949279785156","460.3949279785156"
"293683200","509.99554443359375","509.99554443359375","509.99554443359375"
"294092800","470.2934265136719","470.2934265136719","470.2934265136719"
"294502400","481.3869323730469","481.3869323730469","481.3869323730469"
"294912000","488.1062927246094","488.1062927246094","488.1062927246094"
"295321600","465.70611572265625","465.70611572265625","465.70611572265625"
"295731200","501.1683654785156","501.1683654785156","501.1683654785156"
"296140800","482.1732177734375","482.1732177734375","482.1732177734375"
"296550400","475.3546142578125","475.3546142578125","475.3546142578125"
"296960000","483.456787109375","483.456787109375","483.456787109375"
"297369600","482.5011901855469","482.5011901855469","482.5011901855469"
"297779200","484.67730712890625","484.67730712890625","484.67730712890625"
"298188800","483.6026306152344","483.6026306152344","483.6026306152344"
"298598400","482.7776794433594","482.7776794433594","482.7776794433594"
"299008000","485.03717041015625","485.03717041015625","485.03717041015625"
"299417600","487.3484191894531","487.3484191894531","487.3484191894531"
"299827200","479.4981994628906","479.4981994628906","479.4981994628906"
"300236800","472.2231750488281","472.2231750488281","472.2231750488281"