"Step","faithful-sunset-317 - Metric for Sweep","faithful-sunset-317 - Metric for Sweep__MIN","faithful-sunset-317 - Metric for Sweep__MAX"
"12697600","10.215885162353516","10.215885162353516","10.215885162353516"
"24985600","8.20048999786377","8.20048999786377","8.20048999786377"
"37273600","6.3357744216918945","6.3357744216918945","6.3357744216918945"
"49561600","5.115060806274414","5.115060806274414","5.115060806274414"
"61849600","4.300590515136719","4.300590515136719","4.300590515136719"
"74137600","3.767927408218384","3.767927408218384","3.767927408218384"
"86425600","3.3689212799072266","3.3689212799072266","3.3689212799072266"
"98713600","3.161965847015381","3.161965847015381","3.161965847015381"
"111001600","3.007890224456787","3.007890224456787","3.007890224456787"
"123289600","2.9463746547698975","2.9463746547698975","2.9463746547698975"
"135577600","2.825180768966675","2.825180768966675","2.825180768966675"
"147865600","2.8258047103881836","2.8258047103881836","2.8258047103881836"
"160153600","2.730085849761963","2.730085849761963","2.730085849761963"
"172441600","2.6019539833068848","2.6019539833068848","2.6019539833068848"
"184729600","2.5887868404388428","2.5887868404388428","2.5887868404388428"
"197017600","2.584618091583252","2.584618091583252","2.584618091583252"
"209305600","2.6124424934387207","2.6124424934387207","2.6124424934387207"
"221593600","2.5820155143737793","2.5820155143737793","2.5820155143737793"
"233881600","2.5505919456481934","2.5505919456481934","2.5505919456481934"
"246169600","2.520256280899048","2.520256280899048","2.520256280899048"
"258457600","2.585745096206665","2.585745096206665","2.585745096206665"
"270745600","2.568984031677246","2.568984031677246","2.568984031677246"
"283033600","2.5490949153900146","2.5490949153900146","2.5490949153900146"
"295321600","2.5042946338653564","2.5042946338653564","2.5042946338653564"