,N_max,A_min_axial,R_axial_formula,R_axial,wall_limited_axial,R_combined,A_combined,governing,mass,sigma_adm,length
fr_upper,111.64570885573335,2.6269578554290198e-06,0.0021045233319964035,0.004,True,0.008136652253014022,0.00015423089308563284,bending,0.02314080319856835,42500000.0,0.121
fr_lower,120.81784267714865,2.842772768874086e-06,0.002113110334563336,0.004,True,0.008120906880844405,0.000153835168721344,bending,0.02117387262280579,42500000.0,0.111
fr_foot,242.92002535119872,5.715765302381146e-06,0.002227423075356775,0.004,True,0.0075872245463422016,0.0001404222687099618,bending,0.026710562264934096,42500000.0,0.1534
fl_upper,147.6124756646652,3.473234721521534e-06,0.0021381956186121384,0.004,True,0.008981692753602675,0.00017546907731471405,bending,0.026327380360299694,42500000.0,0.121
fl_lower,135.07288116288325,3.1781854391266646e-06,0.002126455980674924,0.004,True,0.008963256532823044,0.00017500572454862406,bending,0.024087787926872616,42500000.0,0.111
fl_foot,262.37802255044124,6.173600530598617e-06,0.0022456397602798796,0.004,True,0.007316290989029317,0.00013361296572384095,bending,0.025415323888126132,42500000.0,0.1534
br_upper,95.69382807779544,2.251619484183422e-06,0.0020895890927174533,0.004,True,0.008855651285874696,0.0001723013097222189,bending,0.03546650159322154,42500000.0,0.166
br_lower,102.29417112026081,2.4069216734179014e-06,0.002095768370489869,0.004,True,0.008838484956251247,0.0001718698728019459,bending,0.04923040636538938,42500000.0,0.231
br_foot,149.51765922640956,3.518062570033166e-06,0.0021399792620318387,0.004,True,0.008599903695389908,0.00016587367171069648,bending,0.030441136232347017,42500000.0,0.148
bl_upper,76.32726579051919,1.795935665659275e-06,0.0020714580096661767,0.004,True,0.00803249626297153,0.0001516131675404739,bending,0.03120805440653115,42500000.0,0.166
bl_lower,100.13124620371424,2.356029322440335e-06,0.002093743428183957,0.004,True,0.008704860921593597,0.0001685115345169579,bending,0.04826844394703742,42500000.0,0.231
bl_foot,113.14025918190627,2.662123745456618e-06,0.0021059225383029327,0.004,True,0.008702450180336066,0.00016845094598076296,bending,0.03091411760638962,42500000.0,0.148
